"","gene_id","gene_short_name","cell_group","marker_score","mean_expression","fraction_expressing","specificity","pseudo_R2","marker_test_p_value","marker_test_q_value","V2"
"107","LOC105331128","LOC105331128",14,0.601909514625017,6.01379524244406,0.979591836734694,0.614449296179705,0.813554682423104,4.09138857127444e-281,2.2078687458254e-275,"protocadherin-1"
"116","LOC105331920","LOC105331920",4,0.178726335503493,1.8078368961627,0.657876943881001,0.271671377399451,0.179208639195463,2.01077748388772e-155,1.0850919398502e-149,"rootletin"
"147","LOC105334565","LOC105334565",1,0.0912877972625624,17.4794582532536,0.999769638332182,0.0913088313172312,0.0621908647553941,7.26384159396222e-62,3.91984495008259e-56,"polyubiquitin-C-like"
"148","LOC105334565","LOC105334565",17,0.0865695499122819,16.3278416167739,1,0.0865695499122819,0.0246702477322662,8.15042577656184e-05,1,"polyubiquitin-C-like"
"149","LOC105334565","LOC105334565",18,0.0894590827854918,17.027603840488,1,0.0894590827854918,0.03013398661229,0.00197993989729138,1,"polyubiquitin-C-like"
"150","LOC105334565","LOC105334565",2,0.0817689774524633,15.1866181396365,0.999760765550239,0.0817885440898054,0.00342015586759067,0.000113369690738006,1,"polyubiquitin-C-like"
"151","LOC105334565","LOC105334565",3,0.0765215853969783,13.9595465744174,0.999684840844626,0.0765457094781249,0.00133941535551923,0.0209450103760565,1,"polyubiquitin-C-like"
"155","LOC105334733","LOC105334733",1,0.107231980709329,7.29250117345361,0.978115641557245,0.109631188944701,0.102317647749875,6.76835285474514e-101,3.65246039782896e-95,"calmodulin"
"156","LOC105334733","LOC105334733",17,0.0963676651537787,6.80146669837519,0.927835051546392,0.103862927999073,0.0358810175400102,2.01562814324811e-06,1,"calmodulin"
"157","LOC105334733","LOC105334733",18,0.0999111970460446,6.69612194244615,0.973684210526316,0.102611499668911,0.0460776368916115,0.000130691710552172,1,"calmodulin"
"158","LOC105334733","LOC105334733",2,0.0914689323123252,6.05435497550451,0.964114832535885,0.0948734831428087,0.0461064196133278,9.55500964202995e-46,5.15624629320576e-40,"calmodulin"
"159","LOC105334733","LOC105334733",3,0.0893526764843183,5.83657653216485,0.969114402773401,0.0922003390194283,0.0445702737454377,1.342932192553e-40,7.24697242524915e-35,"calmodulin"
"164","LOC105334998","LOC105334998",10,0.107408684168386,0.397921050950612,0.412358133669609,0.260474270781438,0.127501470639927,1.73637074233497e-64,9.37011634652157e-59,"protocadherin-9"
"170","LOC105335454","LOC105335454",19,0.39400326655821,1.44101743751915,0.451612903225806,0.87243580452175,0.373954201031541,5.82654232594278e-24,3.14422364768711e-18,"coadhesin"
"191","LOC105336356","LOC105336356",2,0.0745754066091486,3.44523176064365,0.845454545454545,0.0882074701828639,0.00185155414472015,0.00451218670354465,1,"ensconsin-like"
"192","LOC105336356","LOC105336356",3,0.0766120877519072,3.6311112837312,0.833595965962811,0.0919055404297926,0.00141526924122761,0.017622228262479,1,"ensconsin-like"
"196","LOC105336681","LOC105336681",1,0.0925792831988767,6.68924352443861,0.968210089841051,0.0956190027043359,0.0146447528531282,9.09437095163588e-16,4.90766815159889e-10,"geminin-like"
"197","LOC105336681","LOC105336681",17,0.0829117955032252,6.13360193581065,0.927835051546392,0.0893604907090316,0.00105479615459305,0.415320291561841,1,"geminin-like"
"198","LOC105336681","LOC105336681",2,0.0776564378936908,5.51855896691917,0.944019138755981,0.0822615079563171,3.82474477191013e-06,0.897305850898433,1,"geminin-like"
"231","LOC105339015","LOC105339015",12,0.227526726513745,0.780287016761715,0.537391304347826,0.423391157752114,0.252562622367844,1.72702662124895e-107,9.3196919183754e-102,"protocadherin-1"
"243","LOC105339683","LOC105339683",1,0.0957531544339063,9.76296064143774,0.996544574982723,0.0960851695324982,0.150752814487491,2.61836331435146e-148,1.41296834222999e-142,"caveolin-1"
"244","LOC105339683","LOC105339683",13,0.226998041679637,30.0264123425293,1,0.226998041679637,0.466689386197991,4.33880476049047e-163,2.34138392334156e-157,"caveolin-1"
"245","LOC105339683","LOC105339683",17,0.0883361429559225,8.88304294085152,0.989690721649485,0.0892563111117134,0.0524108742583757,9.26937004330214e-09,0.00500210431142748,"caveolin-1"
"246","LOC105339683","LOC105339683",18,0.0931845451625917,9.71316371346478,0.973684210526316,0.0957030463832023,0.0409950361312167,0.000308604375473553,1,"caveolin-1"
"247","LOC105339683","LOC105339683",2,0.0819863864728546,8.05351560450449,0.991866028708134,0.0826587302114163,0.0666246814784516,2.07904866559421e-65,1.12193366380393e-59,"caveolin-1"
"248","LOC105339683","LOC105339683",3,0.0759804036287456,7.36766182232696,0.985817838008194,0.0770734720952717,0.0366555170666701,1.12590356271252e-33,6.07580346775058e-28,"caveolin-1"
"250","LOC105340112","LOC105340112",16,0.404412061013739,2.25298588842246,0.575471698113208,0.70274882733535,0.387926971643485,1.09961054972876e-58,5.93391637834527e-53,"cofilin"
"257","LOC105340469","LOC105340469",16,0.588416823659387,8.31689476535194,0.69811320754717,0.842867341998582,0.53077965469973,9.40380841764858e-80,5.07465236688305e-74,"actin"
"260","LOC105340731","LOC105340731",19,0.460152338409272,2.82584658047963,0.548387096774194,0.839101322981614,0.410398617162789,3.84168234294398e-26,2.0731177761816e-20,"vitellogenin-6"
"267","LOC105341416","LOC105341416",16,0.332830379464196,1.74220392251825,0.575471698113208,0.578360987265652,0.340469959318445,1.0696903688255e-51,5.77245571252257e-46,"cystatin-A2"
"270","LOC105342186","LOC105342186",19,0.319654158000222,7.1487433963642,0.67741935483871,0.471870423714613,0.31150256041117,3.20366117683372e-20,1.7288173101442e-14,"apolipophorins-like"
"271","LOC105342396","LOC105342396",8,0.328132158941117,4.44826415212559,0.917787742899851,0.357525104774604,0.473805910830736,8.10843650928859e-304,4.37562046099948e-298,"girdin"
"297","LOC105344153","LOC105344153",1,0.0911612819647557,2.50586839850149,0.779774245565538,0.116907274744167,0.0363076193912963,8.86391380115494e-37,4.78330471582765e-31,"enkurin"
"298","LOC105344153","LOC105344153",18,0.086086220629909,2.29006877007338,0.789473684210526,0.109042546131218,0.0221970665504771,0.00793711536382612,1,"enkurin"
"304","LOC109620742","LOC109620742",8,0.236067355721141,1.1608594454234,0.518684603886398,0.455126976880239,0.228502433736248,1.13459393168419e-145,6.12270000106192e-140,"midasin-like"
"308","LOC105345084","LOC105345084",13,0.210334783303287,1.91996566195309,0.610421836228288,0.344572836061889,0.227490082951383,5.97840335447111e-80,3.22617362940008e-74,"beta-1"
"309","LOC105345251","LOC105345251",9,0.165072577683677,1.73624998172628,0.847122302158273,0.194862745630838,0.237283963177567,2.1060296416032e-139,1.13649362373547e-133,"frizzled-5"
"312","LOC105345498","LOC105345498",8,0.155761776318772,2.4410642348364,0.779521674140508,0.199817120531655,0.171352987513913,2.09771583711836e-109,1.13200717891088e-103,"semaphorin-1A"
"334","LOC105347801","LOC105347801",8,0.125243226111738,1.14450454063611,0.543348281016443,0.230502663737972,0.122053566213424,2.80748638355546e-78,1.5150263370491e-72,"dixin"
"337","LOC105348068","LOC105348068",19,0.261899115524538,1.48230925036293,0.483870967741935,0.541258172084045,0.242108955761422,4.66727993668713e-16,2.51864161047397e-10,"filamin-A"
"347","LOC105348543","LOC105348543",16,0.248837318032309,7.63575196841267,0.688679245283019,0.361325420704448,0.286511824650842,9.32644599145216e-44,5.03290466193526e-38,"perilipin-2"
"348","LOC105348543","LOC105348543",19,0.292806894283673,9.05184009190467,0.709677419354839,0.412591532854266,0.258084134616792,5.12437119888354e-17,2.76530542502311e-11,"perilipin-2"
"402","LOC105320035","LOC105320035",17,0.0744160262653972,2.06313697933907,0.65979381443299,0.112786789808493,0.0138685532611203,0.00313822881651568,1,"tektin-4"
"458","LOC105324927","LOC105324927",14,0.308391103021815,0.667310416092281,0.413265306122449,0.74623032336143,0.273008514540931,3.29417629287675e-94,1.77766270633543e-88,"contactin-like"
"459","LOC105325024","LOC105325024",8,0.241235367309698,1.90460312641499,0.718236173393124,0.335871926597686,0.279899338085566,1.8147929327792e-178,9.79331228659099e-173,"nephrin"
"462","LOC105325259","LOC105325259",4,0.153765622333836,1.68988177999084,0.603448275862069,0.254811602724643,0.1041877242979,1.07358207121019e-90,5.79345681743723e-85,"androglobin"
"467","LOC105325532","LOC105325532",1,0.0958537530188371,20.1321944738945,1,0.0958537530188371,0.195023410774349,5.84642165326568e-192,3.15495128812499e-186,"caveolin-1"
"468","LOC105325532","LOC105325532",13,0.205202555530159,54.3449775071893,1,0.205202555530159,0.49691579294714,1.13133150447863e-173,6.10509470413841e-168,"caveolin-1"
"469","LOC105325532","LOC105325532",17,0.0903096496121402,18.6523524904207,1,0.0903096496121402,0.0508061438897213,1.55920992031002e-08,0.00841408922976257,"caveolin-1"
"470","LOC105325532","LOC105325532",18,0.0964007434697787,20.2797586007673,1,0.0964007434697787,0.0586631599791899,1.58732792102133e-05,1,"caveolin-1"
"471","LOC105325532","LOC105325532",2,0.0835039424549189,16.8811955295997,0.999760765550239,0.0835239242549799,0.0924256441202658,3.38173722176141e-90,1.82491391087689e-84,"caveolin-1"
"472","LOC105325532","LOC105325532",3,0.0775489204253583,15.3594654120666,1,0.0775489204253583,0.0538170695666184,1.09055603481014e-48,5.88505477512873e-43,"caveolin-1"
"5","LOC105327937","LOC105327937",8,0.18084933167901,0.680664941969855,0.376681614349776,0.480111916243087,0.166711898403167,1.81165629373868e-106,9.77638579040555e-101,"alsin"
"67","LOC105328514","LOC105328514",10,0.143182602553808,2.1731949275593,0.863808322824716,0.165757377846963,0.189118603392401,5.5385681271227e-95,2.98882182698424e-89,"pro-neuregulin-3"
"72","LOC105328829","LOC105328829",9,0.154661654748163,1.2799883895418,0.799460431654676,0.193457547896465,0.216331500719032,3.85879523871138e-127,2.08235254502773e-121,"contactin-5"
"78","LOC105329309","LOC105329309",4,0.143815994037163,1.96995250925952,0.651453684922245,0.220761655610757,0.116416721482159,3.33625353368681e-101,1.80036918441168e-95,"nesprin-1"
"86","LOC105329554","LOC105329554",11,0.152011849147065,2.51636419789172,0.937420178799489,0.162159779130997,0.230658043410657,6.68363989401206e-115,3.60674606512488e-109,"tankyrase-1"
"93","LOC105330060","LOC105330060",13,0.296686180426638,4.42571997825377,0.86848635235732,0.341612944891243,0.402345451334615,1.28067020055847e-140,6.9109830568897e-135,"alpha-(1"
"370","LOC105317582","LOC105317582",10,0.197637144857765,1.77438913971476,0.78562421185372,0.251567023871922,0.290557941559052,1.73595090361813e-145,9.36785073726682e-140,"tryptophan 2"
"274","LOC105342967","LOC105342967",13,0.217436005760357,2.41060789993439,0.761786600496278,0.285429023848287,0.262078740471051,6.58685860110634e-92,3.55451920178382e-86,"glycoprotein 3-alpha-L-fucosyltransferase A-like"
"272","LOC105342681","LOC105342681",6,0.109155452208445,0.942872135514681,0.668607472100922,0.163257900581716,0.114917080238505,1.01810666780237e-87,5.49409045999538e-82,"1-phosphatidylinositol 4"
"261","LOC105340983","LOC105340983",13,0.332776014216041,5.94139084736887,0.870967741935484,0.38207616447027,0.425157780084616,1.41323231265754e-148,7.62633858737889e-143,"cholesterol 7-desaturase"
"206","LOC105337012","LOC105337012",18,0.115682906097969,0.420299062312434,0.184210526315789,0.627992918817547,0.146140681605529,9.47703429197557e-12,5.11416783125311e-06,"cyclic AMP-dependent transcription factor ATF-3"
"167","LOC105335166","LOC105335166",12,0.171789542223384,1.10190886857042,0.853913043478261,0.201179199141437,0.272491965217728,6.74588313719184e-116,3.64033488438793e-110,"probable ATP-dependent RNA helicase DDX4"
"438","LOC105322883","LOC105322883",16,0.337990506982942,1.35910812592151,0.405660377358491,0.833185900934695,0.290882828555859,2.12143100858057e-44,1.1448047866084e-38,"complement C1q tumor necrosis factor-related protein 3"
"91","LOC105329756","LOC105329756",11,0.152036366819252,0.984843207654587,0.547892720306513,0.277492949229544,0.163932357554307,5.37145941763354e-82,2.89864361721293e-76,"D-glucuronyl C5-epimerase"
"314","LOC105345800","LOC105345800",15,0.398793207671778,0.951449455846787,0.665697674418605,0.599060539035335,0.443472209198612,1.95783237416004e-141,1.05652074672698e-135,"protein CBFA2T1"
"40","LOC105325875","LOC105325875",5,0.108517351644457,1.40920564657233,0.735993208828523,0.147443414345063,0.0964429983912953,1.40517491778257e-77,7.58285782282351e-72,"protein DBF4 homolog A"
"190","LOC105336301","LOC105336301",5,0.104879825690359,3.42324399410972,0.935059422750424,0.112163808137307,0.0704403353616863,4.60183091500378e-57,2.48332283131081e-51,"protein DEK"
"20","LOC105337943","LOC105337943",15,0.312550102759028,2.6601581629561,0.912790697674419,0.342411577544922,0.487704732401394,1.59817728721227e-155,8.62437194916653e-150,"CUGBP Elav-like family member 3-B"
"50","LOC105326892","LOC105326892",4,0.121495800120968,0.679467858493034,0.316430020283976,0.383957881151522,0.0893813478972854,5.39578003172118e-78,2.91176794475796e-72,"protein FAM184A"
"179","LOC105335858","LOC105335858",9,0.140185857089542,1.88845370247116,0.89568345323741,0.156512723979488,0.208290537154434,1.93369868709317e-122,1.04349729210558e-116,"protein FAM43A-like"
"266","LOC105341409","LOC105341409",6,0.0921947036206801,2.31026707012077,0.908782144590005,0.10144863009195,0.0540317463756974,4.74951077588041e-42,2.56301649607455e-36,"rac GTPase-activating protein 1"
"228","LOC105338654","LOC105338654",10,0.110516071302879,1.40404457142707,0.765447667087011,0.144380963003597,0.107381567812504,1.48874379830941e-54,8.03382725832094e-49,"rho GTPase-activating protein 19"
"407","LOC105320408","LOC105320408",3,0.197661751696959,9.08684104441252,0.884021430822565,0.223593846037237,0.166676613045272,4.39523217910877e-148,2.3718343026699e-142,"histone H2A"
"408","LOC105320408","LOC105320408",4,0.181306331683632,7.78906078159545,0.911088573360379,0.1989996768535,0.202590833163224,9.84520017623733e-176,5.31284413270436e-170,"histone H2A"
"406","LOC105320409","LOC105320409",3,0.14417433805896,5.82619364321022,0.854081311062086,0.168806337513313,0.0657802575996125,3.6590126532091e-59,1.97454227015245e-53,"histone H2B"
"10","LOC105331650","LOC105331650",17,0.0757030401154005,6.00173052384806,0.917525773195876,0.082507807766223,0.00312797922496928,0.160692025989809,1,"histone H3.3"
"11","LOC105331650","LOC105331650",18,0.0890497760807215,6.84538299291661,0.973684210526316,0.0914565267856059,0.00576242159756004,0.176198112523104,1,"histone H3.3"
"223","LOC105338425","LOC105338425",1,0.0956283049590271,15.6024310265084,0.999308914996545,0.0956944379500084,0.0803174129255394,1.79917137616518e-79,9.70901243091025e-74,"histone H3.3"
"224","LOC105338425","LOC105338425",17,0.0917464347177141,14.9796583959953,0.989690721649485,0.0927021267460236,0.0301065479616541,1.34547383521824e-05,1,"histone H3.3"
"225","LOC105338425","LOC105338425",18,0.0981038095259051,16.1085815487939,1,0.0981038095259051,0.0628226438877818,7.94498648151744e-06,1,"histone H3.3"
"226","LOC105338425","LOC105338425",2,0.0828668771945463,13.0112662834529,0.998086124401914,0.0830257782054659,0.00892424522323906,4.47071242574382e-10,0.000241256631200354,"histone H3.3"
"227","LOC105338425","LOC105338425",3,0.0767824406844349,11.8125266547063,0.997793885912386,0.0769522060302312,7.13539655082522e-05,0.594098960909814,1,"histone H3.3"
"9","LOC105331650","LOC105331650",1,0.0839195918427369,6.34478740020232,0.973738769868694,0.0861828597561677,0.00265261650399121,0.000627430959880358,1,"histone H3.3"
"390","LOC105319306","LOC105319306",7,0.208481608356862,0.71930507045956,0.816097809475293,0.255461546319925,0.375283904740503,3.19477831235279e-281,1.72402377892143e-275,"protein IQ-DOMAIN 14"
"363","LOC105317175","LOC105317175",14,0.237379804539649,1.12512401025061,0.428571428571429,0.553886210592514,0.219753887003492,4.34758371118761e-76,2.34612137873786e-70,"uncharacterized LOC105317175"
"364","LOC105317254","LOC105317254",12,0.271526624794894,0.605112816512318,0.56,0.484868972848026,0.296082236283977,7.28078406081495e-126,3.92898774901006e-120,"uncharacterized LOC105317254"
"365","LOC105317322","LOC105317322",4,0.202990141152892,2.1677537070874,0.700473292765382,0.289789979503019,0.200443847020569,7.2597737274045e-174,3.91764977470911e-168,"uncharacterized LOC105317322"
"366","LOC105317369","LOC105317369",18,0.0869750526670724,5.37256602458264,0.973684210526316,0.0893257297661825,0.00524418831807623,0.19694659524684,1,"uncharacterized LOC105317369"
"367","LOC105317369","LOC105317369",2,0.0911548333616623,5.92671175047321,0.945215311004785,0.0964381684261575,0.00244403026398689,0.00110275472363189,1,"uncharacterized LOC105317369"
"368","LOC105317498","LOC105317498",6,0.133005534107605,1.53911529318509,0.695293546821931,0.191294072432501,0.131702388362955,2.3474214611516e-100,1.26675782245293e-94,"uncharacterized LOC105317498"
"369","LOC105317504","LOC105317504",19,0.443173520354813,1.91304459983729,0.483870967741935,0.915891942066615,0.408606069725251,4.91776300440811e-26,2.65381179217278e-20,"uncharacterized LOC105317504"
"384","LOC105318730","LOC105318730",5,0.102827465179422,1.75083909980095,0.817911714770798,0.125719516327306,0.0744509386530551,3.17586865272053e-60,1.7138194080168e-54,"uncharacterized LOC105318730"
"385","LOC105318934","LOC105318934",19,0.29104147640163,2.46261664009407,0.419354838709677,0.694021982188502,0.242659966081059,4.3247403778536e-16,2.33379424802416e-10,"uncharacterized LOC105318934"
"389","LOC105319247","LOC105319247",3,0.0929736760203402,1.86911573930278,0.632839583989915,0.146915076699472,0.0370018207830147,5.60480088094092e-34,3.0245635377892e-28,"uncharacterized LOC105319247"
"388","LOC105319252","LOC105319252",16,0.371143104317026,1.33251737543052,0.452830188679245,0.8196076887001,0.334391066489464,8.39564242459184e-51,4.53060768672189e-45,"uncharacterized LOC105319252"
"396","LOC105319396","LOC105319396",7,0.217952420267959,0.617238563949272,0.813550687722873,0.267902693165938,0.366294251214037,2.22044112318665e-274,1.1982344068342e-268,"uncharacterized LOC105319396"
"397","LOC105319406","LOC105319406",7,0.217511439508299,1.77836365113456,0.93937850229241,0.231548240647935,0.404226146112378,2.64962858877516e-303,1.42984027238945e-297,"uncharacterized LOC105319406"
"33","LOC105319534","LOC105319534",13,0.468325354569702,4.40969439349837,0.80893300248139,0.578942079422055,0.503191746486674,7.14134940583841e-176,3.85374351066783e-170,"uncharacterized LOC105319534"
"401","LOC105319661","LOC105319661",8,0.118228063815557,0.54601230919125,0.298206278026906,0.396464033546904,0.0944102652565798,6.9888368361233e-61,3.7714419325719e-55,"uncharacterized LOC105319661"
"410","LOC105320594","LOC105320594",13,0.239244184513999,2.04867902638175,0.699751861042184,0.341898604110431,0.297923728664258,2.53979157754371e-104,1.37056804732253e-98,"uncharacterized LOC105320594"
"411","LOC105320652","LOC105320652",14,0.206061160915737,1.02760319410395,0.85969387755102,0.239691320709107,0.332350213939294,1.86213540186407e-114,1.00487902399113e-108,"uncharacterized LOC105320652"
"419","LOC105321376","LOC105321376",16,0.250783451850116,2.61999024357994,0.273584905660377,0.916656755038354,0.196348252225872,1.71194282851755e-30,9.23829404095552e-25,"uncharacterized LOC105321376"
"420","LOC105321539","LOC105321539",5,0.116152357356001,3.05066482582872,0.904074702886248,0.128476504192834,0.118364956953916,6.44862027172799e-95,3.47992054619475e-89,"uncharacterized LOC105321539"
"424","LOC105321704","LOC105321704",13,0.30123486771222,3.23903389917751,0.841191066997519,0.358105167221312,0.385806293033858,7.41680093267053e-135,4.00238762170446e-129,"uncharacterized LOC105321704"
"425","LOC105321833","LOC105321833",19,0.365958594079354,1.26517350790504,0.419354838709677,0.872670493573844,0.349826825546163,1.62130852615203e-22,8.74919690435629e-17,"uncharacterized LOC105321833"
"444","LOC105323234","LOC105323234",15,0.397763259982012,1.57127839755512,0.761627906976744,0.522254051274092,0.478854997196079,1.05883597796741e-152,5.71388129478377e-147,"uncharacterized LOC105323234"
"452","LOC105323843","LOC105323843",11,0.207483007629418,1.03987843614508,0.71264367816092,0.291145510705796,0.263700122667601,2.9514678868669e-131,1.59272422753308e-125,"uncharacterized LOC105323843"
"454","LOC105324213","LOC105324213",19,0.27143972453598,0.646391205205608,0.387096774193548,0.701219288384615,0.248362392824623,1.96525151613235e-16,1.06052439766263e-10,"uncharacterized LOC105324213"
"456","LOC105324593","LOC105324593",13,0.330859493007988,8.93970205974431,0.957816377171216,0.345431025083469,0.523566981354148,5.08781318605973e-183,2.7455773320989e-177,"uncharacterized LOC105324593"
"457","LOC105324760","LOC105324760",9,0.184849070181528,2.44917947434469,0.741906474820144,0.2491541406568,0.178502366003749,4.65566353493228e-105,2.51237295866379e-99,"uncharacterized LOC105324760"
"460","LOC105325203","LOC105325203",16,0.254790992800645,1.30533801269219,0.283018867924528,0.900261507895613,0.21399495907542,4.33795666271679e-33,2.34092625755516e-27,"uncharacterized LOC105325203"
"39","LOC105325414","LOC105325414",4,0.207285231442683,1.86696283127061,0.591277890466531,0.35057159211404,0.178345932123714,1.12577443177399e-154,6.07510662813654e-149,"uncharacterized LOC105325414"
"475","LOC105325641","LOC105325641",6,0.0988662266439512,1.62642571696832,0.791363415817564,0.124931510185888,0.0841596761067261,1.2807069784206e-64,6.91118152420937e-59,"uncharacterized LOC105325641"
"41","LOC105325929","LOC105325929",19,0.244591923135799,0.660534946230084,0.32258064516129,0.758234961720978,0.226076460301031,4.2921683385458e-15,2.31621713787618e-09,"uncharacterized LOC105325929"
"57","LOC105327471","LOC105327471",11,0.190910817808548,1.1639742491672,0.745849297573436,0.255964332780982,0.228234790089179,1.05399008336829e-113,5.68773100608697e-108,"uncharacterized LOC105327471"
"66","LOC105328408","LOC105328408",4,0.142450465148267,1.09773121613752,0.395875591615957,0.359836443986827,0.11437231480237,1.90988462252408e-99,1.03064631792965e-93,"uncharacterized LOC105328408"
"73","LOC105329002","LOC105329002",19,0.37634324518232,1.00488192278753,0.419354838709677,0.897433892357839,0.349826824444749,1.62130877236688e-22,8.7491982330252e-17,"uncharacterized LOC105329002"
"76","LOC105329230","LOC105329230",8,0.124013899193708,1.46810794931593,0.603139013452915,0.205614122826742,0.104480377326234,3.2469972459749e-67,1.7522030998234e-61,"uncharacterized LOC105329230"
"87","LOC105329605","LOC105329605",12,0.181484585629964,0.308982498751271,0.281739130434783,0.644158251464377,0.159576511501492,2.15415975438861e-68,1.16246646153876e-62,"uncharacterized LOC105329605"
"89","LOC105329617","LOC105329617",10,0.132972229456964,6.37326427675201,0.979823455233291,0.135710396344109,0.20792169454004,2.57748403165474e-104,1.3909083278741e-98,"uncharacterized LOC105329617"
"7","LOC105329793","LOC105329793",15,0.324686621230855,2.19679835184579,0.88953488372093,0.365007182037301,0.441610866505095,7.65461042899389e-141,4.13071866268141e-135,"uncharacterized LOC105329793"
"94","LOC105330179","LOC105330179",16,0.338540890006912,1.63214799496389,0.433962264150943,0.780115963928971,0.300646222557021,7.76429220183424e-46,4.18990711521343e-40,"uncharacterized LOC105330179"
"95","LOC105330238","LOC105330238",7,0.252264054380933,1.99896686923386,0.920020376974019,0.2741939860187,0.44436961050683,0,0,"uncharacterized LOC105330238"
"111","LOC105331523","LOC105331523",15,0.286923698922061,1.01276258918066,0.709302325581395,0.404515378808151,0.35606633564648,1.09359980322682e-113,5.90148010613717e-108,"uncharacterized LOC105331523"
"115","LOC105331878","LOC105331878",7,0.219052420699402,3.04674656480991,0.971981660723383,0.225366824860024,0.47108679558588,0,0,"uncharacterized LOC105331878"
"131","LOC105333459","LOC105333459",19,0.237176571193694,0.196947311838316,0.258064516129032,0.919059213375564,0.209388086075058,4.33156418459252e-14,2.33747663344514e-08,"uncharacterized LOC105333459"
"142","LOC105334018","LOC105334018",17,0.0764476953788932,4.49608034838112,0.907216494845361,0.0842662096790073,0.0027479940471886,0.188582279114064,1,"uncharacterized LOC105334018"
"143","LOC105334018","LOC105334018",2,0.086368966440369,5.33153246385886,0.897129186602871,0.0962726079255313,0.00591129346986775,3.87082849736698e-07,0.208884614866212,"uncharacterized LOC105334018"
"144","LOC105334018","LOC105334018",3,0.0782717207054133,4.85563845655756,0.874566656161362,0.0894977188462257,0.000588785685413013,0.125810442597754,1,"uncharacterized LOC105334018"
"145","LOC105334018","LOC105334018",6,0.117650184217425,7.03736519690705,0.985443959243086,0.119388000823295,0.136480985415816,5.8700603978696e-104,3.16770765298555e-98,"uncharacterized LOC105334018"
"165","LOC105335106","LOC105335106",15,0.261309557372348,4.32620783369695,0.956395348837209,0.27322336697899,0.443024099647466,2.7185502206354e-141,1.46703300396324e-135,"uncharacterized LOC105335106"
"173","LOC105335618","LOC105335618",12,0.139450050038098,0.982797151420693,0.827826086956522,0.168453316747702,0.21690376246242,1.80115765014266e-92,9.71973112007686e-87,"uncharacterized LOC105335618"
"174","LOC105335618","LOC105335618",5,0.113404964210082,1.00872163320349,0.660016977928693,0.171821283394825,0.125097893258174,2.99034760685458e-100,1.61370520186779e-94,"uncharacterized LOC105335618"
"178","LOC105335854","LOC105335854",10,0.165794258848635,0.912892856941597,0.675914249684741,0.24528889415479,0.203174331659468,5.86926373073032e-102,3.16727774112385e-96,"uncharacterized LOC105335854"
"182","LOC105336032","LOC105336032",9,0.166914161777878,2.47380319647795,0.864208633093525,0.193141048800209,0.181563384809019,7.6554608527715e-107,4.13117758366791e-101,"uncharacterized LOC105336032"
"186","LOC105336218","LOC105336218",2,0.085603782182981,3.94085106680241,0.855263157894737,0.10009057609087,0.00148380888146624,0.011013136904891,1,"uncharacterized LOC105336218"
"209","LOC105337149","LOC105337149",11,0.180343225511336,0.989797567981944,0.694763729246488,0.259574899954735,0.226534609826587,7.29644658784232e-113,3.93743984377005e-107,"uncharacterized LOC105337149"
"211","LOC105337367","LOC105337367",16,0.294872542494079,0.845600503929579,0.349056603773585,0.844769986604658,0.256202386652604,2.68256069746803e-39,1.44761168966025e-33,"uncharacterized LOC105337367"
"222","LOC105338284","LOC105338284",19,0.268072066970453,0.391578546116783,0.290322580645161,0.923359341787117,0.236806774028862,9.71977328006479e-16,5.2451590133076e-10,"uncharacterized LOC105338284"
"229","LOC105338802","LOC105338802",6,0.0999999564602112,1.09086450354747,0.720038816108685,0.138881341148582,0.0956542301062856,3.03948098605551e-73,1.64021944035302e-67,"uncharacterized LOC105338802"
"253","LOC105340171","LOC105340171",11,0.153721532654012,1.13042648887146,0.681992337164751,0.225400674284816,0.184810822280576,2.82493089405666e-92,1.52444005780695e-86,"uncharacterized LOC105340171"
"258","LOC105340519","LOC105340519",9,0.253394945100792,6.53924639057026,0.821043165467626,0.308625606738314,0.238206890073978,6.06387969088321e-140,3.27229990862884e-134,"uncharacterized LOC105340519"
"262","LOC105341060","LOC105341060",16,0.277202938026803,1.19696492007859,0.311320754716981,0.890409437298216,0.218934364916261,8.14065991914253e-34,4.39300943744623e-28,"uncharacterized LOC105341060"
"264","LOC105341338","LOC105341338",10,0.107725752529859,0.596374120557615,0.533417402269861,0.201953952142266,0.122787192166596,3.69849429221665e-62,1.99584806286321e-56,"uncharacterized LOC105341338"
"25","LOC105342035","LOC105342035",16,0.254028395215282,5.92170743048406,0.471698113207547,0.538540197856397,0.266973164285036,6.98445134852741e-41,3.76907535681664e-35,"uncharacterized LOC105342035"
"283","LOC105343133","LOC105343133",15,0.357586524105347,1.30842699571189,0.738372093023256,0.484290410599367,0.427319161784531,2.68337147510237e-136,1.44804921608129e-130,"uncharacterized LOC105343133"
"286","LOC105343336","LOC105343336",10,0.112036589836815,0.854134442568343,0.549810844892812,0.203772971882097,0.11185625596299,9.2161463031028e-57,4.97338275871379e-51,"uncharacterized LOC105343336"
"301","LOC105344349","LOC105344349",15,0.282205304538969,0.35034938885588,0.40406976744186,0.698407372384212,0.248200890159238,1.32161061687655e-79,7.13191310070025e-74,"uncharacterized LOC105344349"
"313","LOC105345643","LOC105345643",8,0.136067660866133,1.74234654279437,0.666666666666667,0.204101491299199,0.121389144860162,7.360203004019e-78,3.9718452286828e-72,"uncharacterized LOC105345643"
"319","LOC105346274","LOC105346274",5,0.108781919310797,3.20193145143131,0.914261460101868,0.118983380638922,0.076357999850152,9.96297273186888e-62,5.37639867908026e-56,"uncharacterized LOC105346274"
"353","LOC105348851","LOC105348851",5,0.138143234001454,1.33737654865308,0.713497453310696,0.193614193520182,0.154093110030365,2.86573779886313e-123,1.5464610143029e-117,"uncharacterized LOC105348851"
"357","LOC105349193","LOC105349193",16,0.47731286014247,3.13594751489795,0.566037735849057,0.84325271958503,0.420401493483901,1.80521390670547e-63,9.74162022186724e-58,"uncharacterized LOC105349193"
"463","LOC109618378","LOC109618378",15,0.426278881432134,1.34030009392222,0.674418604651163,0.632068686261441,0.428380194962225,1.23419827382108e-136,6.66020288088261e-131,"uncharacterized LOC109618378"
"99","LOC109619047","LOC109619047",8,0.144226197323154,2.31022553137476,0.724962630792227,0.198942940225134,0.171057588512754,3.22610714357458e-109,1.7409300067443e-103,"uncharacterized LOC109619047"
"184","LOC105336108","LOC105336108",6,0.0946852707837122,1.19789001635411,0.744298884036875,0.127214043732223,0.0684807461034342,7.21504281328358e-53,3.89351127367473e-47,"peptidase M20 domain-containing protein 2-like"
"119","LOC105332492","LOC105332492",8,0.130556723138774,0.408267040734394,0.217488789237668,0.600291737318488,0.0970321609498916,1.57027902855791e-62,8.47382234412931e-57,"protein MON2 homolog"
"350","LOC105348583","LOC105348583",10,0.146432342532926,1.42844428704852,0.766708701134931,0.190988236231267,0.188911282917489,7.01814027345971e-95,3.78725518088925e-89,"histone-lysine N-methyltransferase"
"97","LOC105330337","LOC105330337",8,0.13584843301943,0.863380039998417,0.423019431988042,0.321139935300348,0.141348636076438,1.91591466209821e-90,1.03390035642535e-84,"histone-lysine N-methyltransferase"
"423","LOC105321692","LOC105321692",16,0.367849558463597,1.97990897997463,0.424528301886792,0.866490071047583,0.312922698004949,1.21237913052332e-47,6.54245849237342e-42,"cytochrome P450 2C31-like"
"289","LOC105343430","LOC105343430",2,0.07563928492152,5.25894999887315,0.918421052631579,0.0823579606595347,0.000599539404749286,0.106104984290776,1,"protein PRRC2C"
"19","LOC105337739","LOC105337739",5,0.121923365635249,2.51514743120571,0.870967741935484,0.139986086470101,0.127079011510922,8.04467563003074e-102,4.34121266763853e-96,"histone RNA hairpin-binding protein"
"13","LOC105333818","LOC105333818",17,0.0735384459274145,3.87355642097934,0.88659793814433,0.0829445262204559,0.000567305203623412,0.55025467915045,1,"ATP-dependent RNA helicase dbp2"
"214","LOC105337382","LOC105337382",9,0.146224966633071,0.906181811688824,0.679856115107914,0.215082226052878,0.172470602787941,1.5205383118062e-101,8.20540253506477e-96,"radical S-adenosyl methionine domain-containing protein 2"
"380","LOC105318319","LOC105318319",19,0.23656532782741,0.45775760524596,0.258064516129032,0.916690645331212,0.201312028103908,1.32706309340196e-13,7.16133673597246e-08,"betaine--homocysteine S-methyltransferase 1"
"195","LOC105336481","LOC105336481",3,0.0898423475852833,2.2568232543458,0.667507091080996,0.134593847444808,0.0331418787508153,1.33486536785424e-30,7.20344077378129e-25,"voltage-dependent T-type calcium channel subunit alpha-1H"
"473","LOC105325609","LOC105325609",15,0.435401962067154,0.755276393763308,0.619186046511628,0.703184389441789,0.436364185058544,3.57064328692318e-139,1.92685480206865e-133,"protein Tob1-like"
"282","LOC105343129","LOC105343129",14,0.239497119978158,5.5561585329654,0.974489795918367,0.24576667809277,0.42428138298218,5.99346881406569e-146,3.23430352388478e-140,"protein Wnt-4"
"323","LOC105346960","LOC105346960",14,0.253166459494784,2.77489161973857,0.915816326530612,0.276438028194862,0.392747004344725,3.96091266179518e-135,2.13745898698583e-129,"protein Wnt-4"
"108","LOC105331131","LOC105331131",14,0.421728986844448,1.95092901510457,0.905612244897959,0.465683838994433,0.573041543451188,3.012495556164e-197,1.62565707693723e-191,"protocadherin-11 X-linked"
"213","LOC105337377","LOC105337377",13,0.337133503439797,10.4802668968422,0.962779156327543,0.350167015170717,0.55836498614841,3.02474305788183e-195,1.63226629426923e-189,"palmitoyltransferase ZDHHC15-like"
"100","LOC105330734","LOC105330734",13,0.285304351911558,2.60015675548563,0.734491315136476,0.388438019663371,0.32101819645742,2.48051171127321e-112,1.33857837884805e-106,"fatty acid desaturase 2"
"322","LOC105346932","LOC105346932",13,0.205674766766639,1.46349562833336,0.637717121588089,0.3225172412722,0.249518900619132,1.45594921770164e-87,7.8568552394208e-82,"CMP-sialic acid transporter 1"
"92","LOC105329873","LOC105329873",14,0.58390771278038,2.59145693548358,0.823979591836735,0.708643416129749,0.602604349966187,1.71005613305942e-207,9.22811271531919e-202,"gamma-aminobutyric acid type B receptor subunit 2"
"290","LOC105343425","LOC105343425",6,0.121483788153434,0.598470343748484,0.504124211547792,0.240979872362104,0.138370455183431,2.20744304199451e-105,1.19122014829583e-99,"1-acyl-sn-glycerol-3-phosphate acyltransferase alpha"
"371","LOC105317616","LOC105317616",18,0.114467087480303,0.325063412378467,0.184210526315789,0.621392760607359,0.14614068181082,9.47703397622512e-12,5.11416766086217e-06,"alpha-2C adrenergic receptor-like"
"79","LOC105329348","LOC105329348",1,0.101024190660511,5.7687530874862,0.967058281501958,0.104465462519599,0.0437821948471498,5.0965219926787e-44,2.75027693508515e-38,"tubulin alpha-1A chain"
"80","LOC105329348","LOC105329348",17,0.0934868675803811,5.27930845438796,0.958762886597938,0.0975078081214727,0.0261914869976901,4.9151352796739e-05,1,"tubulin alpha-1A chain"
"81","LOC105329348","LOC105329348",18,0.105305823956166,5.82862457466692,1,0.105305823956166,0.0536273325334487,3.67954833454917e-05,1,"tubulin alpha-1A chain"
"82","LOC105329348","LOC105329348",2,0.0858589940476628,4.88228268207483,0.935885167464115,0.0917409496726049,0.00735558884078275,1.49888776361496e-08,0.0080885679498165,"tubulin alpha-1A chain"
"83","LOC105329348","LOC105329348",3,0.0814587341798107,4.56567540903478,0.935707532303813,0.0870557640796698,0.00422759181492057,4.08617209566744e-05,1,"tubulin alpha-1A chain"
"117","LOC105332146","LOC105332146",16,0.261757871044837,2.27851554606271,0.30188679245283,0.867072947836023,0.194414059952092,3.29670100857028e-30,1.77902513886285e-24,"serum amyloid A-5 protein-like"
"15","LOC105336169","LOC105336169",3,0.0785249595833954,1.51951676089403,0.569807752915222,0.137809566790992,0.0234162644120465,4.36624639468928e-22,2.35619247193733e-16,"A-kinase anchor protein 9"
"16","LOC105336169","LOC105336169",8,0.168621061821874,2.7012534892946,0.789985052316891,0.213448420735731,0.166886544985957,1.40476516974193e-106,7.58064666669197e-101,"A-kinase anchor protein 9"
"461","LOC105325311","LOC105325311",8,0.150329846194236,0.730618350037703,0.390881913303438,0.384591461200549,0.127672298747068,8.0851835566664e-82,4.36307228415234e-76,"sodium- and chloride-dependent taurine transporter"
"442","LOC105323088","LOC105323088",1,0.082008763323489,2.6433800844096,0.770099055517162,0.10649118803089,0.0228431433430666,9.87675717909308e-24,5.32987349061143e-18,"cilia- and flagella-associated protein 45"
"85","LOC105329449","LOC105329449",7,0.216011642628918,2.36700498259916,0.960264900662252,0.224950055427356,0.457589315473831,0,0,"cilia- and flagella-associated protein 57"
"90","LOC105329687","LOC105329687",9,0.18459262612189,2.65170490389363,0.910071942446043,0.202833004197176,0.285873242542167,6.20502723778176e-168,3.34846848854207e-162,"lysM and putative peptidoglycan-binding domain-containing protein 2"
"96","LOC105330303","LOC105330303",4,0.125546149465733,1.03144967340319,0.466193373901285,0.269300587468918,0.095962572754209,1.22825722122711e-83,6.62814270348558e-78,"centrosome and spindle pole associated protein 1"
"377","LOC105318289","LOC105318289",4,0.168479217160902,3.31448591005399,0.83130493576741,0.202668371029666,0.187118264250045,2.756829124856e-162,1.48768975527904e-156,"centrosome and spindle pole-associated protein 1"
"378","LOC105318289","LOC105318289",7,0.217176709409157,3.75018495678875,0.976057055527254,0.222504113032451,0.448698376232546,0,0,"centrosome and spindle pole-associated protein 1"
"417","LOC105321214","LOC105321214",13,0.321794520006559,10.211163163945,0.930521091811414,0.345821844167048,0.442793086063558,9.81418119806121e-155,5.29610511335936e-149,"CD63 antigen"
"400","LOC105319638","LOC105319638",17,0.075297799317997,3.49984640667304,0.855670103092783,0.0879986329379001,3.43901586491129e-05,0.883067979044747,1,"oxalate:formate antiporter-like"
"256","LOC105340465","LOC105340465",19,0.439523985366579,5.9126600773368,0.580645161290323,0.756957974797998,0.384664660533815,1.33159711834435e-24,7.18580405749111e-19,"growth arrest and DNA damage-inducible protein GADD45 alpha"
"275","LOC105343071","LOC105343071",1,0.105195799325514,5.02011091010456,0.949781156415572,0.110757934725214,0.0671634542680064,1.08423085873971e-66,5.85092172148578e-61,"tubulin beta chain"
"276","LOC105343071","LOC105343071",17,0.093428920172123,4.57036960304827,0.907216494845361,0.102984150644272,0.0306702182254385,1.11721657175662e-05,1,"tubulin beta chain"
"277","LOC105343071","LOC105343071",18,0.10375365965591,4.94762736689643,0.947368421052632,0.109517751859016,0.0497670461038379,7.0265547436841e-05,1,"tubulin beta chain"
"278","LOC105343071","LOC105343071",2,0.088576743224213,4.21478653227602,0.916028708133971,0.0966964707958241,0.0227515005603263,2.20158780217276e-23,1.1880604383889e-17,"tubulin beta chain"
"279","LOC105343071","LOC105343071",3,0.0826698252918229,3.9209944127383,0.90450677592184,0.0913976848958028,0.0138593066082409,1.07986595874116e-13,5.82736706243164e-08,"tubulin beta chain"
"451","LOC105323682","LOC105323682",8,0.126759380796349,0.678053345603276,0.386397608370703,0.32805425823117,0.13787359812983,2.98524770792105e-88,1.6109531026071e-82,"spectrin beta chain"
"351","LOC105348692","LOC105348692",9,0.194636672993141,1.72767817742668,0.809352517985611,0.240484422631525,0.269067791563336,4.73592052235572e-158,2.55568267884299e-152,"four-jointed box protein 1"
"216","LOC105338027","LOC105338027",11,0.351832896657157,2.7537449260328,0.76117496807152,0.462223419601601,0.381051793974422,1.09028042689747e-189,5.88356749010098e-184,"forkhead box protein B1"
"415","LOC105321094","LOC105321094",11,0.197660754286856,1.41292384986275,0.409961685823755,0.482144456718406,0.171073348269432,1.64450008256251e-85,8.87434735553868e-80,"forkhead box protein C1"
"141","LOC105333922","LOC105333922",9,0.238930062250292,2.5232730514691,0.742805755395683,0.321658873150515,0.283190177538305,2.35296291679642e-166,1.26974820249419e-160,"forkhead box protein L2"
"399","LOC105319597","LOC105319597",19,0.302470705526799,0.449100417267528,0.32258064516129,0.937659187133077,0.264543574104464,2.0984164867709e-17,1.13238527608807e-11,"forkhead box protein L2-like"
"130","LOC105333359","LOC105333359",9,0.174916978421069,2.76308342364709,0.890287769784173,0.196472404044676,0.224457100008365,6.81611926032318e-132,3.67823696540228e-126,"forkhead box protein N3"
"333","LOC105347625","LOC105347625",12,0.385746044869486,4.40434668240001,0.932173913043478,0.413813387686482,0.564571823564167,1.93460374487496e-240,1.04398569567683e-234,"paired box protein Pax-6"
"44","LOC109618510","LOC109618510",2,0.0801155553506315,4.97790501034141,0.895215311004785,0.0894930575536182,0.000335332374905042,0.226848904958997,1,"cytochrome c oxidase subunit 3-like"
"293","LOC105344150","LOC105344150",1,0.0887424113373391,15.7028827003785,1,0.0887424113373391,0.0274997068938144,3.0223396069179e-28,1.63096930079796e-22,"cytochrome c"
"294","LOC105344150","LOC105344150",17,0.0830131436404667,14.4204247127164,1,0.0830131436404667,0.00496027190701456,0.0773178466063048,1,"cytochrome c"
"295","LOC105344150","LOC105344150",2,0.0775670714872212,13.2395220668565,0.999282296650718,0.0776227816175687,0.000940825077278516,0.0429370114010779,1,"cytochrome c"
"296","LOC105344150","LOC105344150",3,0.0726553639792765,12.1837817232487,0.999369681689253,0.0727011888698342,0.013995452477974,8.19239808776437e-14,4.42092931928499e-08,"cytochrome c"
"18","LOC105337196","LOC105337196",7,0.232727400656661,1.30753015933631,0.872134488028528,0.266848065122094,0.41053625200334,3.96336994766425e-308,2.13878503181764e-302,"EF-hand calcium-binding domain-containing protein 6"
"416","LOC105321187","LOC105321187",13,0.268982916449389,5.52420269690298,0.910669975186104,0.295368161659684,0.388013238185278,1.26342355095062e-135,6.8179135818789e-130,"sodium channel protein 1 brain"
"435","LOC105322566","LOC105322566",13,0.218024753666245,2.11678976215659,0.751861042183623,0.289980117912531,0.28069220952421,2.37278988636368e-98,1.28044758869752e-92,"transmembrane channel-like protein 7"
"194","LOC105336393","LOC105336393",12,0.236983838574116,1.08940640592433,0.779130434782609,0.304164524955618,0.352554626083734,8.69335782646256e-150,4.6912662307566e-144,"THO complex subunit 3-like"
"153","LOC105334650","LOC105334650",1,0.0847526397097383,2.68534132490803,0.806265837364663,0.105117488279993,0.0188527162378238,7.36705769575954e-20,3.97554428082429e-14,"parkin coregulated gene protein homolog"
"154","LOC105334650","LOC105334650",18,0.086282546995795,2.8236659245445,0.789473684210526,0.109291226194674,0.0130829165556961,0.0415454374149269,1,"parkin coregulated gene protein homolog"
"445","LOC105323412","LOC105323412",5,0.127767942343957,2.92707555482706,0.876485568760611,0.145773013153686,0.120880874999131,6.55957828555065e-97,3.53979770685798e-91,"G2/mitotic-specific cyclin-A-like"
"360","LOC105317174","LOC105317174",17,0.0794224197722997,8.41297097056959,0.989690721649485,0.0802497366449278,0.000602963543472023,0.537982381852289,1,"G2/mitotic-specific cyclin-B"
"361","LOC105317174","LOC105317174",2,0.0737727518243759,7.76694767808127,0.978947368421053,0.075359262616298,0.000100089244948288,0.509097517715162,1,"G2/mitotic-specific cyclin-B"
"362","LOC105317174","LOC105317174",5,0.122921237458296,14.5779594767292,0.998726655348047,0.123077958118038,0.26400509136664,2.69314373803032e-211,1.45332270050321e-205,"G2/mitotic-specific cyclin-B"
"336","LOC105347974","LOC105347974",6,0.09470677189037,1.45480501563228,0.809315866084425,0.117020777497633,0.0763307004699215,9.47906733472191e-59,5.11526493837466e-53,"G2/mitotic-specific cyclin-B3"
"101","LOC105330764","LOC105330764",6,0.11187287904797,1.35717480835227,0.721494420184376,0.15505716457153,0.111034733097279,8.46186792644672e-85,4.56634548409185e-79,"G1/S-specific cyclin-D2"
"102","LOC105330764","LOC105330764",9,0.153471687800637,1.72537032784958,0.824640287769784,0.186107433843302,0.192711778856383,2.41238900671108e-113,1.30181677880355e-107,"G1/S-specific cyclin-D2"
"118","LOC105332299","LOC105332299",6,0.0912378313021344,1.5640279900035,0.80106744298884,0.113895318179103,0.061078082623662,2.52239002271692e-47,1.36117750707891e-41,"G1/S-specific cyclin-E"
"22","LOC105340121","LOC105340121",6,0.104509601275866,1.4895356584877,0.787481804949054,0.132713671121109,0.0897951529996652,7.58829948906399e-69,4.09493475967951e-63,"porphobilinogen deaminase"
"204","LOC105336839","LOC105336839",10,0.144893320860271,4.80885622523097,0.967213114754098,0.149804958855535,0.247158465126374,7.85595999322837e-124,4.23937453882577e-118,"mRNA decay activator protein ZFP36L1"
"205","LOC105336839","LOC105336839",12,0.210161029195357,8.02231974845497,0.951304347826087,0.220918814967697,0.289574017423429,4.10610483870905e-123,2.21581020295127e-117,"mRNA decay activator protein ZFP36L1"
"252","LOC105340130","LOC105340130",15,0.251050306488072,2.14904315448829,0.816860465116279,0.307335606519205,0.302102055874085,1.29145723365476e-96,6.96919398654987e-91,"serologically defined colon cancer antigen 8 homolog"
"168","LOC105335417","LOC105335417",19,0.331551764041329,3.78130825187789,0.645161290322581,0.51390523426406,0.34484415908597,3.22287454445926e-22,1.73918557342291e-16,"acyl-CoA desaturase"
"134","LOC105333598","LOC105333598",11,0.145962343156957,0.574650337849978,0.228607918263091,0.638483322301101,0.110756209426808,7.05231056101054e-56,3.80569476652261e-50,"neurogenic differentiation factor 1"
"169","LOC105335420","LOC105335420",15,0.641793178436623,11.9789630741722,0.976744186046512,0.657073968399399,0.80776613441636,1.93352464925097e-258,1.04340337467249e-252,"neurogenic differentiation factor 1"
"332","LOC105347565","LOC105347565",9,0.171083738371931,1.51950762496743,0.850719424460432,0.201104774914997,0.271689621909399,1.36345919447212e-159,7.35774392786546e-154,"nuclear distribution protein nudE homolog 1"
"383","LOC105318721","LOC105318721",5,0.109397213147355,0.635494910950544,0.531409168081494,0.205862487360357,0.120767512793734,8.06622814876341e-97,4.35284322574239e-91,"cell division control protein 45 homolog"
"412","LOC105320748","LOC105320748",5,0.1031804179041,2.98205999857586,0.909592529711375,0.113435867747112,0.0590739867563708,4.13559265624655e-48,2.23172294983157e-42,"cell division control protein 6 homolog"
"413","LOC105320748","LOC105320748",6,0.0936813236042171,2.56838631990367,0.927219796215429,0.101034645708159,0.0524443883044398,7.32412093267143e-41,3.95237397186494e-35,"cell division control protein 6 homolog"
"175","LOC105335685","LOC105335685",12,0.133830865084007,1.19946384480716,0.859130434782609,0.155774792354867,0.185989437388605,1.77578810100766e-79,9.58282739251574e-74,"cell division cycle-associated protein 7-like"
"176","LOC105335685","LOC105335685",5,0.136083696589702,1.4669035534713,0.749575551782683,0.181547672234053,0.148420829177814,9.26128204257046e-119,4.99773971888864e-113,"cell division cycle-associated protein 7-like"
"218","LOC105338218","LOC105338218",10,0.159594549804257,0.918813702520865,0.630517023959647,0.253116955989552,0.230952459443956,9.18276927359394e-116,4.95537124526368e-110,"PR domain zinc finger protein 1"
"219","LOC105338218","LOC105338218",12,0.1636557066851,1.12481244822152,0.554782608695652,0.294990693868127,0.201027927229903,8.53856255365555e-86,4.60773281932958e-80,"PR domain zinc finger protein 1"
"439","LOC105322888","LOC105322888",15,0.27566486435487,0.925341513292252,0.668604651162791,0.412298753643805,0.341064299701925,6.15627763526966e-109,3.32216135054165e-103,"PR domain zinc finger protein 2"
"352","LOC105348737","LOC105348737",15,0.666603922113183,3.89213093160254,0.936046511627907,0.712148289462531,0.78222162047818,3.67253030310531e-250,1.98183690770714e-244,"POU domain"
"381","LOC105318387","LOC105318387",15,0.537588299082873,1.55283711635749,0.805232558139535,0.667618681893532,0.59456437924868,1.08575057006828e-189,5.85912266130505e-184,"SPRY domain-containing SOCS box protein 3"
"436","LOC105322767","LOC105322767",16,0.358045591063198,2.03425465621209,0.537735849056604,0.665839169345597,0.353784917152763,1.17245473751561e-53,6.32701129643451e-48,"PTB domain-containing engulfment adapter protein 1"
"281","LOC105343087","LOC105343087",7,0.223854828170902,1.83544818054105,0.946001018848701,0.236632755896328,0.445540904421752,0,0,"EF-hand domain-containing family member C2-like"
"127","LOC105333118","LOC105333118",7,0.216582331021733,1.37201989144371,0.932755985736118,0.232196130964315,0.451015300139358,0,0,"forkhead-associated domain-containing protein 1"
"112","LOC105331545","LOC105331545",7,0.217484281718566,1.14935146234759,0.915944982170148,0.237442516692739,0.437704808431975,0,0,"tctex1 domain-containing protein 1-B"
"374","LOC105318021","LOC105318021",1,0.0843209179827848,6.7355350702226,0.976272748214697,0.0863702465699077,0.00873600159312415,5.398609518721e-10,0.000291329484346356,"THAP domain-containing protein 11-like"
"123","LOC105332857","LOC105332857",18,0.0879409609062815,1.66247194811301,0.657894736842105,0.133670260577548,0.033864658166438,0.00104120190827289,1,"coiled-coil domain-containing protein 113"
"288","LOC105343388","LOC105343388",4,0.140589502400058,1.51452000932436,0.576402974983097,0.243908356656522,0.117701690184317,2.61956716281732e-102,1.41361798460841e-96,"doublecortin domain-containing protein 2"
"375","LOC105318111","LOC105318111",13,0.290180068597856,4.14121375905348,0.883374689826303,0.328490358553191,0.41799114218731,4.47830763371891e-146,2.4166649748448e-140,"TLC domain-containing protein 2-like"
"27","LOC105342756","LOC105342756",2,0.0779700627425847,2.64317573519638,0.708612440191388,0.110032026422689,0.00225724722953479,0.00171430659305221,1,"coiled-coil domain-containing protein 47"
"29","LOC105344562","LOC105344562",15,0.296764957600594,3.89714960529858,0.953488372093023,0.311241296995745,0.475710214251498,1.06425353908639e-151,5.743116513255e-146,"DEP domain-containing protein 7"
"285","LOC105343248","LOC105343248",14,0.237024701253937,0.905673069950855,0.767857142857143,0.308683331865593,0.340187307402711,3.90229005709339e-117,2.10582400182976e-111,"BTB/POZ domain-containing protein kctd15"
"386","LOC105319233","LOC105319233",3,0.139194958004493,3.65378487627704,0.783170501103057,0.177732636518413,0.0756863659169112,7.61451836401181e-68,4.10908346091861e-62,"helicase domino"
"387","LOC105319233","LOC105319233",8,0.16065145604225,4.00539006566032,0.84304932735426,0.190559971794796,0.139095347735211,5.06040045059251e-89,2.73078437835684e-83,"helicase domino"
"311","LOC105345494","LOC105345494",8,0.133437639569769,1.34305323108108,0.556801195814649,0.239650418448793,0.125815886331566,1.19588572387257e-80,6.45345380259148e-75,"transducin-like enhancer protein 4"
"414","LOC105321026","LOC105321026",5,0.136659438453913,2.06121788250544,0.83616298811545,0.163436363958081,0.161507141938314,3.61700606494103e-129,1.95187391887265e-123,"ubiquitin-conjugating enzyme E2 S-like"
"409","LOC105320593","LOC105320593",16,0.325515567870682,0.988659145121828,0.367924528301887,0.884734620366469,0.271635858002944,1.43950223518142e-41,7.76810107188831e-36,"multiple epidermal growth factor-like domains protein 10"
"63","LOC105327723","LOC105327723",14,0.656216803810703,11.1468583035959,0.979591836734694,0.669887987223426,0.831207386607388,2.56999740023662e-287,1.38686825706889e-281,"homeobox even-skipped homolog protein 1"
"251","LOC105340116","LOC105340116",4,0.226473568891939,1.68178713091159,0.605476673427992,0.374041773747826,0.224224270941048,1.38700052830434e-194,7.48478191093098e-189,"sodium/calcium exchanger 2"
"110","LOC105331295","LOC105331295",14,0.236174898639518,0.56079282081614,0.724489795918367,0.325987888262996,0.35753706286185,4.54253777796655e-123,2.45132600142631e-117,"transcription factor AP-2-alpha-like"
"464","LOC105325417","LOC105325417",11,0.139545851812608,0.875653999281458,0.544061302681992,0.256489206500639,0.154469363983712,2.42222974706074e-77,1.30712721624437e-71,"transcription factor AP-2-epsilon"
"465","LOC105325417","LOC105325417",6,0.0963328789842871,0.694709302505878,0.447355652595827,0.215338463759887,0.0801361294582076,1.33149816121821e-61,7.18527004723473e-56,"transcription factor AP-2-epsilon"
"180","LOC105335990","LOC105335990",11,0.16796620636785,6.03295621903436,0.591315453384419,0.28405516109293,0.0563528055428471,3.22844595689532e-29,1.74219211928708e-23,"clumping factor B-like"
"181","LOC105335990","LOC105335990",9,0.138291453406912,3.21275766051852,0.784172661870504,0.176353321317072,0.127593952632166,1.86529763773896e-75,1.00658548663418e-69,"clumping factor B-like"
"372","LOC105317751","LOC105317751",14,0.346870310272782,2.82259519401002,0.471938775510204,0.734990062848274,0.28259334691504,1.78426909768641e-97,9.62859407337301e-92,"transcription factor GATA-3"
"120","LOC105332606","LOC105332606",10,0.127627481101969,0.61005301081593,0.563682219419924,0.226417432916916,0.165992290138573,1.59969096184029e-83,8.63254031265569e-78,"transcription factor GATA-4"
"121","LOC105332606","LOC105332606",12,0.230072110036002,1.02934467605491,0.683478260869565,0.336619499416542,0.301890713898556,2.54527289949983e-128,1.37352597694029e-122,"transcription factor GATA-4"
"349","LOC105348555","LOC105348555",14,0.397323942376158,2.67859418160892,0.933673469387755,0.425549140468453,0.550107139774466,2.60427502080875e-189,1.40536576367919e-183,"transcription factor HES-1-B"
"259","LOC105340727","LOC105340727",12,0.182177877265809,3.29679175520078,0.932173913043478,0.195433357141493,0.281086827047041,1.58306336129963e-119,8.54281146165011e-114,"transcription factor SOX-11"
"30","LOC105348069","LOC105348069",11,0.1853971531206,9.18602268485428,0.987228607918263,0.187795563898357,0.365699852549456,5.16655595509499e-182,2.78806992249555e-176,"transcription factor Sox-2"
"31","LOC105348069","LOC105348069",14,0.197482002247091,9.95049414278506,0.989795918367347,0.199517899177474,0.412438959098174,6.97022664579743e-142,3.76139916668483e-136,"transcription factor Sox-2"
"38","LOC105323051","LOC105323051",12,0.336283140644819,1.02062842162299,0.695652173913043,0.483407014676927,0.364953333190244,4.7270890149463e-155,2.55091686184759e-149,"transcription factor Sp5"
"84","LOC105329409","LOC105329409",3,0.0896451074367898,0.831137588379688,0.331547431452884,0.270383959978074,0.0545773572286645,2.35647648023797e-49,1.27164425484266e-43,"core-binding factor subunit beta"
"434","LOC105322544","LOC105322544",11,0.166754872845736,1.3954958391913,0.817369093231162,0.204014164747205,0.232939018745301,4.98101037552123e-116,2.68794247702552e-110,"ADP-ribosylation factor-like protein 4C"
"146","LOC105334421","LOC105334421",5,0.114387429577332,2.67172879497437,0.888370118845501,0.12876100529584,0.0944050026384162,5.7215263891762e-76,3.08755305760227e-70,"PCNA-associated factor-like"
"35","LOC105321449","LOC105321449",11,0.214392226634089,1.26242041878822,0.787994891443167,0.272073117430295,0.312145881068974,2.59563549133724e-155,1.40070354527424e-149,"ADAM family mig-17-like"
"324","LOC105346975","LOC105346975",17,0.0747404083782606,2.77628812298087,0.804123711340206,0.0929464052909138,0.003493480103047,0.138222681246459,1,"rab11 family-interacting protein 4A"
"325","LOC105346975","LOC105346975",6,0.119298816600687,4.02910694321999,0.961669092673459,0.124053915748746,0.113434709532619,1.32657892887557e-86,7.15872400020556e-81,"rab11 family-interacting protein 4A"
"59","LOC105327516","LOC105327516",16,0.45074773313201,15.2573212686668,0.622641509433962,0.72392817745444,0.385311775698765,2.66961552086929e-58,1.44062598045086e-52,"soma ferritin-like"
"138","LOC105333671","LOC105333671",4,0.131170994285963,1.28469515256948,0.545977011494253,0.240250031639553,0.107592300127535,1.27972054738883e-93,6.90585836751812e-88,"zinc finger CCCH domain-containing protein 13"
"185","LOC105336113","LOC105336113",15,0.45263026838705,2.01343363036984,0.886627906976744,0.510507581393918,0.603771225852936,1.21046025094749e-192,6.53210348900803e-187,"zinc finger MYND domain-containing protein 19"
"1","LOC105340423","LOC105340423",11,0.140614816815872,0.86873326399805,0.652618135376756,0.215462625375398,0.162046165755659,4.54986718036635e-81,2.45528122547854e-75,"zinc finger protein 235"
"2","LOC105340423","LOC105340423",9,0.152707557104033,0.85312153122531,0.718525179856115,0.212529165831896,0.20363463616303,1.01436024412999e-119,5.47387333421821e-114,"zinc finger protein 235"
"330","LOC105347368","LOC105347368",9,0.154553219275042,1.7775412283529,0.87589928057554,0.176450903320171,0.243937319234121,2.65724939306786e-143,1.43395274797635e-137,"zinc finger protein 27"
"183","LOC105336043","LOC105336043",7,0.226734708114421,1.47033458452371,0.926133469179827,0.244818609476682,0.43930045269388,0,0,"zinc finger protein 367"
"104","LOC105331022","LOC105331022",9,0.168937318018604,0.378665592980077,0.558453237410072,0.302509335968901,0.203714606231936,9.10932817557004e-120,4.91573963800827e-114,"zinc finger protein 423"
"12","LOC105332537","LOC105332537",14,0.22313381038774,0.412480441429776,0.497448979591837,0.448556172676893,0.252034721566556,4.56851745991569e-87,2.46534562503398e-81,"zinc finger protein 503"
"320","LOC105346752","LOC105346752",12,0.175711287476051,0.595003224724291,0.603478260869565,0.29116423717213,0.242211184671942,3.98471198600484e-103,2.15030200670368e-97,"zinc finger protein 514-like"
"51","LOC105327195","LOC105327195",15,0.554989862907223,2.26614705104171,0.747093023255814,0.742865808716283,0.533866214053623,2.93069756442842e-170,1.58151577227302e-164,"zinc finger protein 768"
"237","LOC105339352","LOC105339352",9,0.181583108080752,0.503950336112141,0.51978417266187,0.349343280598262,0.220200988865674,2.10624980352096e-129,1.13661243147244e-123,"zinc finger protein ZIC 4"
"238","LOC105339354","LOC105339354",9,0.246685577109475,1.50167691433218,0.780575539568345,0.316030370674811,0.340454458344367,3.84965873313029e-200,2.07742213942896e-194,"zinc finger protein ZIC 4"
"235","LOC105339310","LOC105339310",7,0.256769421808127,0.876278867030321,0.867040244523688,0.296144756174708,0.475683940002298,0,0,"sperm flagellar protein 1"
"125","LOC105332961","LOC105332961",10,0.121116727497467,1.27102731054114,0.761664564943254,0.159015835936244,0.145281297763795,2.8340075991271e-73,1.52933819277775e-67,"mitochondrial folate transporter/carrier"
"188","LOC105336275","LOC105336275",15,0.252820269413756,5.11526769547937,0.956395348837209,0.264347029417423,0.365717480320887,9.57109014339313e-117,5.16492394280038e-111,"inverted formin-2"
"287","LOC105343324","LOC105343324",4,0.174413933851955,0.909813973512337,0.420216362407032,0.415057454814226,0.133965181706249,2.60797543550039e-116,1.40736264806256e-110,"dynein gamma chain"
"405","LOC105320235","LOC105320235",4,0.12569983016304,0.644110211804521,0.322515212981744,0.389748530002382,0.0943435886218579,3.00478055166304e-82,1.62149376733834e-76,"submandibular gland secretory Glx-rich protein CB-like"
"71","LOC105328717","LOC105328717",9,0.182955841416349,1.45265766804769,0.697841726618705,0.262173834606934,0.234918993024172,5.11463611207811e-138,2.76005200224961e-132,"fibroblast growth factor receptor-like 1"
"441","LOC105322994","LOC105322994",12,0.152575799753839,0.737256633095593,0.580869565217391,0.262667918737896,0.174262322174013,1.48762219412689e-74,8.02777465594245e-69,"early growth response protein 1-B"
"103","LOC105330782","LOC105330782",4,0.146311815893178,1.17292116310501,0.50473292765382,0.289879672747502,0.120147645583333,2.0620015501057e-104,1.11273439249594e-98,"dynein heavy chain 5"
"398","LOC105319445","LOC105319445",4,0.128671383179153,0.80710208850328,0.374915483434753,0.343201038272257,0.0962150343550943,7.46004589513119e-84,4.0257242467568e-78,"dynein heavy chain 6"
"249","LOC105339827","LOC105339827",4,0.167504449770216,1.48754829743254,0.58316430020284,0.2872337173451,0.14825972215542,1.21529015661818e-128,6.55816749537123e-123,"dynein heavy chain 7"
"326","LOC105347106","LOC105347106",5,0.124724909749825,2.4947794712029,0.856112054329372,0.145687599093003,0.111922405837993,8.11545880620187e-90,4.37940995926117e-84,"late histone H2B.L4"
"208","LOC105337120","LOC105337120",10,0.115399847132322,1.20456008062276,0.73139974779319,0.157779446165399,0.125576408397108,1.55061849100777e-63,8.36772661250451e-58,"probable histone deacetylase 1-B"
"373","LOC105317899","LOC105317899",8,0.301348641770963,2.18705552816115,0.76457399103139,0.394139279266421,0.365319156321521,2.29617032981668e-233,1.23910076444161e-227,"roundabout homolog 1"
"124","LOC105332900","LOC105332900",14,0.207627523148431,0.7173335207221,0.658163265306122,0.315465073930949,0.289440348887039,8.26432100752833e-100,4.45974165986058e-94,"slit homolog 2 protein"
"443","LOC105323151","LOC105323151",5,0.102811566200756,0.599153558234207,0.51018675721562,0.201517512453395,0.100329040910884,1.1946788367741e-80,6.44694098119104e-75,"dnaJ homolog subfamily B member 4"
"356","LOC105349121","LOC105349121",14,0.207779870696772,10.086335321937,1,0.207779870696772,0.490091662007726,1.36840512808129e-168,7.38443406507529e-163,"restin homolog"
"98","LOC105330360","LOC105330360",19,0.279743619605701,0.453442661369095,0.32258064516129,0.867205220777674,0.234251895231564,1.3842088350259e-15,7.46971687315705e-10,"parathyroid hormone/parathyroid hormone-related peptide receptor"
"139","LOC105333730","LOC105333730",19,0.27508474102813,0.449572612425107,0.290322580645161,0.94751410798578,0.236806773750583,9.71977365433928e-16,5.24515921528034e-10,"parathyroid hormone/parathyroid hormone-related peptide receptor-like"
"162","LOC105334992","LOC105334992",12,0.139751485521205,0.881963241131647,0.79304347826087,0.176221719681344,0.209669758572969,1.98725428415851e-89,1.07239792739473e-83,"phytanoyl-CoA hydroxylase-interacting protein-like"
"163","LOC105334992","LOC105334992",5,0.107066498293906,0.892978412270022,0.601867572156197,0.17789045837831,0.1026662937406,1.69787235560387e-82,9.16236442233361e-77,"phytanoyl-CoA hydroxylase-interacting protein-like"
"77","LOC105329297","LOC105329297",16,0.362667503432328,2.26682546987475,0.405660377358491,0.894017566600623,0.307628123266047,7.29041498076254e-47,3.93418495938873e-41,"deleted in malignant brain tumors 1 protein-like"
"61","Aif1","Aif1",16,0.338742401732072,1.80439409219466,0.452830188679245,0.748056137158327,0.3082877931796,5.83017879301542e-47,3.14618602350525e-41,"allograft inflammatory factor 1"
"24","LOC105341425","LOC105341425",7,0.215835491820571,1.60761755077517,0.93937850229241,0.229764137984696,0.431581034528732,4.94065645841247e-324,2.66616596990479e-318,"dynein intermediate chain 2"
"135","LOC105333630","LOC105333630",1,0.0787713844384556,2.11281211371672,0.715272978576365,0.110127722978208,0.019086208008965,4.37056137835511e-20,2.3585210010928e-14,"33 kDa inner dynein arm light chain"
"136","LOC105333630","LOC105333630",18,0.0953000172071444,2.18851702811372,0.842105263157895,0.113168770433484,0.0376551139726225,0.000544526471627986,1,"33 kDa inner dynein arm light chain"
"341","LOC105348169","LOC105348169",7,0.231668217973307,1.32450463735929,0.930718288334182,0.248913361730488,0.464227958626508,0,0,"adenylate kinase 7"
"358","LOC105349226","LOC105349226",1,0.0805848408409817,4.1401792116384,0.905782077862244,0.0889671399009923,0.00139948790174641,0.0130056810134704,1,"casein kinase I"
"359","LOC105349226","LOC105349226",2,0.073985092014918,3.82034575535562,0.885645933014354,0.0835380023291078,7.42497858407606e-05,0.569582487110057,1,"casein kinase I"
"126","LOC105333057","LOC105333057",7,0.210700125099264,0.844050406627435,0.872134488028528,0.241591323346878,0.380071288799042,7.20406374912854e-285,3.88758655345223e-279,"serine/threonine-protein kinase Nek10-like"
"23","LOC105340555","LOC105340555",11,0.204095688108034,0.434522376898998,0.517241379310345,0.394584997008866,0.245637506247443,2.60440905936709e-122,1.40543809597874e-116,"serine/threonine-protein kinase PLK1"
"338","LOC105348083","LOC105348083",10,0.113355409600264,6.44620855601977,0.986128625472888,0.114949923034539,0.128584101110845,5.06808481900838e-65,2.73493115556004e-59,"MAP kinase-interacting serine/threonine-protein kinase 1"
"339","LOC105348083","LOC105348083",2,0.08325212671603,4.74516245552697,0.9188995215311,0.0905998150671714,0.0033372321406452,0.000137321772122136,1,"MAP kinase-interacting serine/threonine-protein kinase 1"
"340","LOC105348083","LOC105348083",6,0.111657290846784,6.28319649063648,0.990781174187288,0.112696217647024,0.131304278424892,4.68367175602924e-100,2.52748725908011e-94,"MAP kinase-interacting serine/threonine-protein kinase 1"
"3","LOC105325769","LOC105325769",12,0.182398047688628,5.93822484614347,0.998260869565217,0.182715814322231,0.483798567808459,9.60285694237628e-206,5.18206651467005e-200,"disks large-associated protein 5"
"446","LOC105323463","LOC105323463",1,0.0989347737053258,12.0349467998721,0.996774936650541,0.099254876971301,0.0735844109388297,6.29913436640168e-73,3.39925227121627e-67,"dynein light chain 2"
"447","LOC105323463","LOC105323463",17,0.0947162469935036,11.4846692961778,0.989690721649485,0.0957028745663526,0.0364670076676832,1.66355738819512e-06,0.897718781850837,"dynein light chain 2"
"448","LOC105323463","LOC105323463",18,0.100047117384115,12.1585829138701,1,0.100047117384115,0.0433404879650129,0.000207447892352822,1,"dynein light chain 2"
"449","LOC105323463","LOC105323463",2,0.0836538510707754,9.73998242339628,0.994258373205742,0.0841369339451014,0.00950300255183332,1.22789991779653e-10,6.62621455839885e-05,"dynein light chain 2"
"450","LOC105323463","LOC105323463",3,0.0810728964033939,9.40714969419155,0.990230066183423,0.0818727881247514,0.0034072448049872,0.000230547718292792,1,"dynein light chain 2"
"28","LOC105343813","LOC105343813",17,0.0762137871454382,2.36779938186403,0.742268041237113,0.102676907682049,0.00497187721729021,0.0769722580522174,1,"dynein light chain 4"
"152","LOC105334607","LOC105334607",5,0.11485915668809,1.92958295196449,0.81918505942275,0.140211488682456,0.117043061798006,7.18072531756061e-94,3.87499224891777e-88,"structural maintenance of chromosomes protein 5"
"422","LOC105321610","LOC105321610",12,0.132366653423366,1.19189069190937,0.859130434782609,0.15407049740574,0.187256472895215,5.215436974546e-80,2.81444797807006e-74,"structural maintenance of chromosomes protein 6"
"327","LOC105347335","LOC105347335",18,0.0856019581551322,3.25886926058677,0.921052631578947,0.0929392688541435,0.0122630980319166,0.0484782543735863,1,"hyaluronan mediated motility receptor"
"203","LOC105336795","LOC105336795",15,0.682455137865248,8.72914354533996,0.991279069767442,0.68845914201069,0.881910659540383,1.55646973281781e-282,8.39930213678335e-277,"paired mesoderm homeobox protein 2"
"269","LOC105342093","LOC105342093",16,0.321671250107562,4.97287504100428,0.349056603773585,0.921544662470312,0.255059344571415,3.9508590787594e-39,2.13203369154356e-33,"zinc metalloproteinase nas-13"
"343","Hmgb1","Hmgb1",18,0.0919631255024263,3.43215232856729,0.921052631578947,0.09984567911692,0.0155753756713401,0.0261659741853979,1,"high mobility group box 1"
"344","Hmgb1","Hmgb1",6,0.103830778204129,3.75437903512542,0.969917515769044,0.107051142510611,0.0788680893291452,1.18828000177976e-60,6.41241043600426e-55,"high mobility group box 1"
"74","LOC105329085","LOC105329085",1,0.0833342501473032,6.47995715087664,0.976963833218152,0.0852992171396942,0.00536109077664357,1.16329122502254e-06,0.627756150088713,"high mobility group-T protein"
"75","LOC105329085","LOC105329085",6,0.094394516357661,7.3951019977356,0.998059194565745,0.094578073997637,0.0643295104463142,9.27331480337817e-50,5.00423305386539e-44,"high mobility group-T protein"
"210","LOC105337235","LOC105337235",12,0.187407121096983,2.95499669999696,0.982608695652174,0.19072406129339,0.388672716574166,3.89669273254328e-165,2.10280347280419e-159,"G-protein-signaling modulator 2"
"280","LOC105343076","LOC105343076",9,0.146868249708186,1.287785667022,0.843525179856115,0.174112466605014,0.217207292229881,1.18670898930466e-127,6.40393265570387e-122,"tripartite motif-containing protein 3"
"318","LOC105346085","LOC105346085",15,0.571194615333858,4.74706462539631,0.950581395348837,0.600889748241122,0.715347860869424,1.527305942848e-228,8.24192324386606e-223,"tumor necrosis factor receptor superfamily member 16"
"34","LOC105321348","LOC105321348",3,0.0808652915882084,2.84937961982739,0.811534825086669,0.0996448816347127,0.0049465406206732,9.08736246751192e-06,1,"heterogeneous nuclear ribonucleoprotein U-like protein 1"
"37","LOC105321987","LOC105321987",12,0.450340531252064,1.8350248262264,0.864347826086956,0.521017717243333,0.590697952434397,1.05029275707335e-251,5.66777882841548e-246,"protein odd-skipped-related 2-like"
"302","LOC105344414","LOC105344414",7,0.217816829202876,0.656271327574888,0.835965359144167,0.260557242976993,0.385290406688691,7.57348163110999e-289,4.08693848044893e-283,"stabilizer of axonemal microtubules 2"
"113","LOC105331620","LOC105331620",14,0.352094031853507,1.43065603218616,0.86734693877551,0.405943707313455,0.499723769816185,6.53747285138965e-172,3.52786877457821e-166,"dedicator of cytokinesis protein 3"
"453","LOC105324153","LOC105324153",14,0.344139565848627,0.653887401071872,0.691326530612245,0.497795977168494,0.434650618911957,1.6432205630412e-149,8.86744258198429e-144,"dedicator of cytokinesis protein 3"
"305","LOC105344648","LOC105344648",13,0.332582892431739,15.3552431366697,0.982630272952854,0.338461882954523,0.588228523787733,9.30887848544496e-206,5.02342456812855e-200,"elongation of very long chain fatty acids protein 4"
"306","LOC105344649","LOC105344649",13,0.243311134772127,2.55139558129078,0.734491315136476,0.331264822003944,0.276810495471123,5.24190906386933e-97,2.82873332340832e-91,"elongation of very long chain fatty acids protein 4"
"474","LOC105325621","LOC105325621",5,0.111016788595526,2.69614887633643,0.877334465195246,0.126538729526396,0.104522544293807,5.78638024827009e-84,3.12255066441598e-78,"hsp70-Hsp90 organizing protein 1"
"440","LOC105322950","LOC105322950",10,0.136475579881896,1.28701396918146,0.689785624211854,0.197852166081066,0.17366900006552,2.52213067256342e-87,1.36103755188078e-81,"nitric oxide synthase"
"202","LOC105336783","LOC105336783",13,0.289176965354825,3.93825599098468,0.873449131513648,0.331074764312484,0.406654799098755,4.02768660260215e-142,2.17349274285502e-136,"probable palmitoyltransferase ZDHHC24"
"32","LOC105318939","LOC105318939",7,0.233901392739668,1.50480132216237,0.906265919510953,0.258093554776823,0.441448984916682,0,0,"serine/threonine-protein phosphatase 6 regulatory ankyrin repeat subunit B"
"133","LOC105333580","LOC105333580",10,0.14885839243345,0.779860150089913,0.572509457755359,0.260010363876047,0.16855630592296,8.59615692531024e-85,4.63881293086057e-79,"5-phosphohydroxy-L-lysine phospho-lyase"
"171","LOC105335487","LOC105335487",19,0.317484655326619,1.39858751093286,0.387096774193548,0.820168692927098,0.299206188831858,1.74862632778185e-19,9.4362521427154e-14,"basic phospholipase A2 3-like"
"299","LOC105344257","LOC105344257",15,0.310864634010169,0.693218064359591,0.523255813953488,0.594096856108322,0.298523760260748,1.744169661799e-95,9.41220227953887e-90,"cytosolic phospholipase A2"
"105","LOC105331026","LOC105331026",4,0.142751981341104,0.885155248726261,0.416497633536173,0.34274379935632,0.114860117570386,7.27182730330021e-100,3.92415434229832e-94,"protein piccolo"
"36","LOC105321439","LOC105321439",11,0.20803759005877,0.425243976078503,0.499361430395913,0.416607245565261,0.247666556100739,2.57884902189804e-123,1.39164492847901e-117,"tubulin polymerization-promoting protein family member 3-like"
"418","LOC105321334","LOC105321334",5,0.126035171911217,1.8945323107075,0.789049235993209,0.159730427661553,0.120283309701156,1.95072542116611e-96,1.05268556482724e-90,"sodium-dependent proline transporter"
"166","LOC105335107","LOC105335107",15,0.303053005638139,0.698263652168917,0.555232558139535,0.545812743138848,0.306931802869664,3.8450165186348e-98,2.07491702408305e-92,"ELAV-like protein 1"
"291","LOC105343715","LOC105343715",11,0.231187135988973,2.6539519777272,0.821200510855683,0.281523370885484,0.302899399920064,1.02974217843006e-150,5.55688009683643e-145,"sal-like protein 1"
"292","LOC105343715","LOC105343715",14,0.208821761414853,2.17484731954346,0.862244897959184,0.242183817972255,0.306327844826735,1.43396950894911e-105,7.7382443787028e-100,"sal-like protein 1"
"172","LOC105335627","LOC105335627",8,0.143537923220962,1.3860713482504,0.544095665171898,0.263810084161603,0.111866371202165,7.30351809096019e-72,3.94125589556958e-66,"sporulation-specific protein 15-like"
"122","LOC105332741","LOC105332741",4,0.133138038870962,1.28810655407275,0.535496957403651,0.248625201376456,0.114145884776946,2.98992301624563e-99,1.61347607664076e-93,"glutamine-rich protein 2"
"199","LOC105336686","LOC105336686",12,0.140233632371079,1.88318746204785,0.942608695652174,0.148771842460093,0.210031684907238,1.39976321614527e-89,7.553654224342e-84,"cytoskeleton-associated protein 2"
"354","LOC105349033","LOC105349033",12,0.145021832409149,1.48207220004174,0.91304347826087,0.158833435495735,0.227841357996344,4.49310724160199e-97,2.42465140564361e-91,"homeobox protein 2"
"355","LOC105349033","LOC105349033",5,0.119394690903096,1.50884836700704,0.74151103565365,0.161015393112589,0.124259196240071,1.3815105458549e-99,7.45515587944047e-94,"homeobox protein 2"
"379","LOC105318307","LOC105318307",19,0.436241212379136,2.00865644524213,0.612903225806452,0.711761978092274,0.414776908722172,2.10175334860839e-26,1.13418597353633e-20,"microtubule-associated protein 2"
"58","LOC105327511","LOC105327511",4,0.296300240211972,4.95057166100509,0.889114266396214,0.333253273972249,0.3756310874251,0,0,"RIMS-binding protein 2"
"376","LOC105318129","LOC105318129",3,0.0744518243718787,1.54684960430298,0.567916797982981,0.131096358896765,0.0175469959062352,6.15436856222352e-17,3.32113114218118e-11,"RNA-binding protein 25"
"128","LOC105333153","LOC105333153",4,0.139581926853471,3.67339891624092,0.846855983772819,0.164823688476075,0.118213208540347,9.51241195902248e-103,5.13325896474297e-97,"poly(rC)-binding protein 3"
"129","LOC105333153","LOC105333153",7,0.211612300336949,5.19094097340348,0.987773815588385,0.214231534585575,0.498189468516847,0,0,"poly(rC)-binding protein 3"
"307","LOC105344955","LOC105344955",4,0.188185372809427,2.61258984030692,0.744421906693712,0.252793974918385,0.196717148207291,1.26325959883508e-170,6.81702883396167e-165,"glutamate-rich protein 3"
"68","LOC105328655","LOC105328655",7,0.237785015288513,3.37936160921209,0.967906265919511,0.245669465795448,0.46746531422567,0,0,"LIM/homeobox protein Awh"
"109","LOC105331211","LOC105331211",8,0.130516876392748,1.01712385227276,0.509715994020927,0.256058036090171,0.115254268244508,5.37838019929195e-74,2.90237833398551e-68,"uncharacterized protein C12orf56"
"21","LOC105339703","LOC105339703",17,0.0816580050906982,1.84225586360183,0.65979381443299,0.123762913965589,0.0239269691608114,0.00010440905707412,1,"uncharacterized protein C17orf105 homolog"
"212","LOC105337374","LOC105337374",7,0.230888383356328,2.04526629005692,0.924605196128375,0.249715645470232,0.419618494486725,4.42913782011547e-315,2.39013107497147e-309,"Uncharacterized protein C2orf50"
"234","LOC105339094","LOC105339094",7,0.218171577577475,0.958617702809292,0.888945491594498,0.245427396438157,0.395432978012402,1.3820075476206e-296,7.45783788982887e-291,"uncharacterized protein C7orf57"
"221","LOC105338251","LOC105338251",14,0.337213458401676,2.44389178008598,0.900510204081633,0.374469336242088,0.49168595217258,3.86086283154635e-169,2.08346829669001e-163,"homeobox protein Dlx6a"
"300","LOC105344310","LOC105344310",14,0.419601318747145,1.97161392154553,0.719387755102041,0.583275592017308,0.447099587771481,8.64190502956048e-154,4.66350034634196e-148,"LIM/homeobox protein Lhx5"
"331","LOC105347548","LOC105347548",16,0.297974621296564,0.794303849890121,0.367924528301887,0.809879739934251,0.26546135724296,1.16554255202555e-40,6.28971051689965e-35,"homeobox protein Nkx-2.5"
"55","LOC105327445","LOC105327445",12,0.187143881626732,15.4349309813464,0.996521739130435,0.187797088892445,0.410291548947208,2.42912905333351e-174,1.31085034408279e-168,"sperm-specific protein PHI-2B/PHI-3"
"56","LOC105327445","LOC105327445",5,0.206676154828966,17.6054577160323,0.996179966044143,0.207468692278246,0.498415513066982,0,0,"sperm-specific protein PHI-2B/PHI-3"
"193","LOC105336376","LOC105336376",6,0.105800438221967,2.25361899065189,0.912663755458515,0.115924882070959,0.0819901462074267,5.42387560774477e-63,2.92692938521217e-57,"ras-related protein Rab-9A"
"220","LOC105338222","LOC105338222",4,0.149185752467318,2.78512872881416,0.791751183231913,0.188425045174349,0.140251336183161,9.9143414847447e-122,5.35015541014466e-116,"myb-like protein X"
"391","LOC105319359","LOC105319359",1,0.0844439271040615,8.71909454327308,0.99239806496199,0.0850907816988697,0.00680437581151909,4.31164547768367e-08,0.0232672774228626,"myb-like protein X"
"392","LOC105319359","LOC105319359",17,0.0767638820239815,7.64778805267335,1,0.0767638820239815,2.71915470827979e-05,0.89594565363923,1,"myb-like protein X"
"393","LOC105319359","LOC105319359",2,0.075024560475741,7.56607303096307,0.985645933014354,0.0761171511622809,0.000900160990826765,0.0476935973927039,1,"myb-like protein X"
"394","LOC105319359","LOC105319359",3,0.0724178963891452,7.25023498199648,0.983926883075953,0.0736008921341312,0.00370061885289885,0.000123900411788958,1,"myb-like protein X"
"395","LOC105319359","LOC105319359",6,0.0949004300493786,10.0377282863795,0.999029597282872,0.0949926111373333,0.0600798031621241,1.40998151631635e-46,7.60879605501922e-41,"myb-like protein X"
"230","LOC105338917","LOC105338917",12,0.168736437260232,0.41159987189007,0.537391304347826,0.313991752183279,0.234477261631118,7.21722345144345e-100,3.89468802889004e-94,"homeobox protein ceh-32"
"26","LOC105342044","LOC105342044",14,0.333435331697266,1.96695421736314,0.454081632653061,0.734307022614204,0.265978457119666,8.1741828366356e-92,4.41109967759636e-86,"homeobox protein not2"
"54","LOC105327437","LOC105327437",7,0.212315464648891,3.40388514896704,0.968415690269995,0.219240008998303,0.382067173182517,2.17032158898027e-286,1.17118800163413e-280,"centrosomal protein of 83 kDa"
"114","LOC105331817","LOC105331817",4,0.141776768438805,1.60590202479504,0.60209601081812,0.235472027536208,0.125300897827022,7.57598901365298e-109,4.08829155934967e-103,"hydrocephalus-inducing protein"
"217","LOC105338081","LOC105338081",18,0.0883845412125977,1.42440704289255,0.684210526315789,0.129177406387643,0.0387813609096501,0.000449489064488571,1,"ropporin-1-like protein"
"240","LOC105339662","LOC105339662",15,0.437894869832597,3.72874648922037,0.877906976744186,0.498794156365608,0.546384001587163,2.91542302001537e-174,1.57327304767505e-168,"brachyury protein"
"268","LOC105341712","LOC105341712",10,0.107216280378405,0.636920601900639,0.552332912988651,0.19411532041113,0.13564204907836,1.65017028997478e-68,8.9049459494141e-63,"hypothetical protein"
"273","LOC105342733","LOC105342733",13,0.213352368801141,5.06200133842912,0.923076923076923,0.231131732867903,0.312504953350813,2.23082490444272e-109,1.20383788978366e-103,"hypothetical protein"
"328","LOC105347353","LOC105347353",10,0.109627836851287,0.266187714464707,0.281210592686003,0.389842487098973,0.118062386348531,7.96167314998276e-60,4.2964213753104e-54,"hypothetical protein"
"345","LOC105348488","LOC105348488",1,0.0900999326880145,3.20357613946424,0.852798894263994,0.105652028038539,0.0322105408381919,8.24529796433736e-33,4.44947610287909e-27,"calcyphosin-like protein"
"346","LOC105348488","LOC105348488",18,0.0994327611335344,3.41957694049195,0.894736842105263,0.111130733031597,0.0357686154266538,0.000751437236035139,1,"calcyphosin-like protein"
"455","LOC105324528","LOC105324528",16,0.304850574364799,5.3408512396337,0.707547169811321,0.430855478435583,0.250097267235226,2.121338621295e-38,1.14475493091839e-32,"perlucin-like protein"
"62","LOC105327538","LOC105327538",11,0.139304580492845,1.26711705130288,0.335887611749681,0.414735690212537,0.0943126611791818,8.1274808968908e-48,4.38589753623636e-42,"serine-enriched protein"
"69","LOC105328669","LOC105328669",3,0.0771813217428054,2.53289499235514,0.735581468641664,0.104925592926273,0.00780142986058858,2.49232938366566e-08,0.0134495564394257,"msx2-interacting protein"
"403","LOC105320108","LOC105320108",10,0.165972302617817,1.27419983604909,0.723833543505675,0.229296229923221,0.239037469984382,8.69560866052457e-120,4.69248086634816e-114,"adenosine receptor A2b-like"
"42","LOC105325948","LOC105325948",10,0.148653043769565,3.04998103400422,0.837326607818411,0.17753292727299,0.168120981903087,1.41220511031698e-84,7.62079541321233e-79,"transient receptor potential cation channel subfamily M member 2"
"43","LOC105325948","LOC105325948",8,0.247582119922062,5.37213669655968,0.90881913303438,0.272421773401084,0.347857059262308,4.20849289688503e-222,2.27106268988924e-216,"transient receptor potential cation channel subfamily M member 2"
"88","LOC105329610","LOC105329610",16,0.462515273565493,2.63882438082744,0.518867924528302,0.891393072689859,0.389561072411732,6.3173276845519e-59,3.40907007703622e-53,"FMRFamide receptor"
"70","LOC105328706","LOC105328706",19,0.422832051537582,1.28282829471698,0.516129032258065,0.819237099854065,0.354981609840283,7.96544213930387e-23,4.29845526516966e-17,"secretin receptor-like"
"106","LOC105331115","LOC105331115",19,0.243594504969008,1.31548010912737,0.483870967741935,0.503428643602616,0.215999274004486,1.73297835655862e-14,9.35180974376578e-09,"pyrroline-5-carboxylate reductase 3"
"189","LOC105336299","LOC105336299",5,0.142065553125444,9.94414419970763,0.994057724957555,0.142914792127902,0.288615957033649,3.50684718791272e-231,1.89242800279084e-225,"ribonucleoside-diphosphate reductase small chain"
"310","LOC105345408","LOC105345408",9,0.155464502152177,1.23579556774576,0.684352517985611,0.227170205510145,0.173423282568061,4.23742889958674e-102,2.28667765651519e-96,"chromate reductase-like"
"215","LOC105337948","LOC105337948",10,0.217839451476217,2.54225991242951,0.862547288776797,0.252553633071111,0.33218963514348,2.48596280261393e-166,1.34151999487698e-160,"transcriptional regulator Myc-A"
"140","LOC105333803","LOC105333803",7,0.223372782385146,1.60944392495875,0.90983188996434,0.245509950628243,0.391083067702315,2.88883474244656e-293,1.55892500274437e-287,"splicing regulatory glutamine/lysine-rich protein 1-like"
"382","LOC105318662","LOC105318662",6,0.105701729320201,0.658361527756507,0.577389616690927,0.183068289183978,0.118159079852813,3.70482603707786e-90,1.99926491299662e-84,"WD repeat and SOCS box-containing protein 1-like"
"335","LOC105347806","LOC105347806",15,0.328677926426504,1.22090435863345,0.828488372093023,0.396720023476201,0.478002311850738,1.97964998648348e-152,1.06829435940597e-146,"leucine-rich repeat-containing protein 15"
"60","LOC105327518","LOC105327518",7,0.211726204078011,1.09689546838411,0.863474274070301,0.245202677643148,0.399140982144709,2.03607691522254e-299,1.09874447437686e-293,"serine/arginine repetitive matrix protein 2-like"
"137","LOC105333652","LOC105333652",13,0.354689532957257,8.87825131536433,0.935483870967742,0.379150880057757,0.525577238869279,1.00211661594506e-183,5.40780206395359e-178,"probable serine/threonine-protein kinase DDB_G0280133"
"160","LOC105334883","LOC105334883",13,0.244565489428109,2.26735280804506,0.67741935483871,0.361025246298637,0.281657690550322,1.0986867819e-98,5.92893137610951e-93,"protein shisa-5-like"
"315","LOC105345817","LOC105345817",1,0.0898424046949712,3.69727277126348,0.888044229440221,0.10116884015068,0.0147222987191268,7.64309915786936e-16,4.12450674335431e-10,"heat shock factor-binding protein 1-like"
"316","LOC105345817","LOC105345817",17,0.0752302368268836,3.18610129508834,0.835051546391753,0.0900905305210828,0.00108005767226334,0.409789926859558,1,"heat shock factor-binding protein 1-like"
"317","LOC105345817","LOC105345817",18,0.0944724974853574,3.76330786826479,0.921052631578947,0.102570140126959,0.0231968462237945,0.006650251169848,1,"heat shock factor-binding protein 1-like"
"132","LOC105333474","LOC105333474",2,0.0868723113694951,4.05511516156729,0.842583732057416,0.103102288905306,0.00110587621632268,0.0281828844870788,1,"probable sodium/potassium-transporting ATPase subunit beta-3"
"303","LOC105344429","LOC105344429",14,0.314575585721388,0.686531800355256,0.586734693877551,0.536146215664279,0.338452014118808,1.52943749686621e-116,8.25342591933887e-111,"dual specificity protein phosphatase 4"
"239","LOC105339511","LOC105339511",12,0.141112417668338,6.84318465942307,0.994782608695652,0.141852517761004,0.326081244378693,1.46284144203465e-138,7.89404830096696e-133,"abnormal spindle-like microcephaly-associated protein homolog"
"64","LOC105327851","LOC105327851",1,0.0848571075197928,4.56069190563394,0.93503800967519,0.0907525754479972,0.00296789387032997,0.000298009463959644,1,"serine/arginine-rich splicing factor 1A"
"65","LOC105327851","LOC105327851",17,0.0740997556492033,4.10522464810207,0.88659793814433,0.0835776313717759,0.00230791478502373,0.228237079193978,1,"serine/arginine-rich splicing factor 1A"
"404","LOC105320117","LOC105320117",1,0.0816204591988024,3.92002552958394,0.908316056208247,0.0898590954557447,0.00128805534615691,0.0171873724618801,1,"serine/arginine-rich splicing factor 6"
"45","LOC105326805","LOC105326805",1,0.098849220904654,4.11475583708943,0.898871227827689,0.109970391580498,0.0459144873851316,4.37948710124097e-46,2.36333766033947e-40,"radial spoke head 1 homolog"
"46","LOC105326805","LOC105326805",17,0.0882761492621427,3.78941657214599,0.855670103092783,0.103166102149733,0.01918066075879,0.000512910616767367,1,"radial spoke head 1 homolog"
"47","LOC105326805","LOC105326805",18,0.103793318080497,4.24671987425164,0.921052631578947,0.112689888201682,0.0437641516595944,0.000193110947592465,1,"radial spoke head 1 homolog"
"48","LOC105326805","LOC105326805",2,0.0775056387985748,3.33698663930046,0.829425837320574,0.0934449293850714,0.008726448241629,6.95588695097114e-10,0.000375366092244816,"radial spoke head 1 homolog"
"49","LOC105326805","LOC105326805",3,0.0745833417534065,3.17174500219217,0.830444374409077,0.0898113637129255,0.00634477179627257,5.00001348989045e-07,0.26981972796575,"radial spoke head 1 homolog"
"52","LOC105327433","LOC105327433",19,0.343622932052381,1.32984445166369,0.451612903225806,0.760879349544558,0.28059598452186,2.28405217500807e-18,1.23256134761701e-12,"universal stress protein Sll1388"
"53","LOC105327435","LOC105327435",10,0.159113665629549,1.22741584793032,0.709962168978562,0.224115695993308,0.217690190828343,3.61290448879323e-109,1.9496605525234e-103,"universal stress protein Slr1101"
"241","LOC105339650","LOC105339650",11,0.152289833300451,9.33027341950463,0.96551724137931,0.157728755918324,0.158301060957358,3.16261742181736e-79,1.70666854027468e-73,"golgin subfamily A member 6-like protein 22"
"242","LOC105339650","LOC105339650",2,0.0903404279390134,5.47145098129826,0.863397129186603,0.10463369043643,0.0146990243925569,1.18594182091691e-15,6.3997927235596e-10,"golgin subfamily A member 6-like protein 22"
"421","LOC105321584","LOC105321584",3,0.129828001412716,2.54649421444398,0.593759848723605,0.218654059704113,0.0832275331528925,1.84728035772375e-74,9.96862677681331e-69,"cysteine sulfinic acid decarboxylase"
"254","LOC105340424","LOC105340424",10,0.116918099285168,3.02032077064875,0.926860025220681,0.126144289432841,0.123116269184323,2.54397930118193e-62,1.37282790213121e-56,"S-adenosylmethionine synthase"
"255","LOC105340424","LOC105340424",6,0.102324744763803,2.5433227475007,0.926249393498302,0.110472131460555,0.0898169013228915,7.30846847639381e-69,3.9439273116642e-63,"S-adenosylmethionine synthase"
"426","LOC105322262","LOC105322262",1,0.0838664943750998,4.29347435639718,0.921677032941719,0.0909933646794072,0.00860207139645937,7.30857940019513e-10,0.00039439871703625,"glutamine synthetase 2 cytoplasmic-like"
"427","LOC105322262","LOC105322262",10,0.16682662697978,9.49236825790622,0.994955863808323,0.167672389347231,0.385464066206568,4.1592573677667e-193,2.24449332742688e-187,"glutamine synthetase 2 cytoplasmic-like"
"428","LOC105322262","LOC105322262",17,0.0754073019374068,4.12121540939948,0.855670103092783,0.0881266058786562,0.000293354922698562,0.667506098349575,1,"glutamine synthetase 2 cytoplasmic-like"
"429","LOC105322262","LOC105322262",18,0.087743304235316,4.3918861468533,0.947368421052632,0.0926179322483891,0.0103743603707669,0.0695482809812535,1,"glutamine synthetase 2 cytoplasmic-like"
"430","LOC105322262","LOC105322262",2,0.0779910626503962,3.97681783732013,0.910047846889952,0.0856999584328749,0.00245117876989833,0.00108434093530107,1,"glutamine synthetase 2 cytoplasmic-like"
"431","LOC105322262","LOC105322262",6,0.112158636122311,5.71544119265063,0.986899563318777,0.113647467575262,0.0869961445943061,9.5502034460049e-67,5.15365268719519e-61,"glutamine synthetase 2 cytoplasmic-like"
"432","LOC105322265","LOC105322265",11,0.13619154108507,5.98023831222743,0.992337164750958,0.137243213217001,0.240557605205189,8.49833081594464e-120,4.58602224485474e-114,"glutamine synthetase"
"433","LOC105322265","LOC105322265",6,0.107490852766646,4.47288223044917,0.97962154294032,0.109726918054511,0.100985366018238,3.01676769040226e-77,1.6279624829133e-71,"glutamine synthetase"
"342","LOC105348211","LOC105348211",19,0.319415262730834,0.624476705680495,0.387096774193548,0.825156095387989,0.276997428663896,3.75474377928636e-18,2.02620242356653e-12,"limbic system-associated membrane protein-like"
"8","LOC105330481","LOC105330481",18,0.0880002759506423,0.461851861883697,0.157894736842105,0.557335081020734,0.115785584710307,1.32081060405642e-09,0.000712759592751801,"uncharacterized threonine-rich GPI-anchored glycoprotein PJ4664.02"
"200","LOC105336796","LOC105336796",3,0.0937739816197737,1.19105159004134,0.504884966908289,0.185733360598965,0.0584699146144677,9.22672992130116e-53,4.97909408127112e-47,"DNA topoisomerase 1"
"201","LOC105336796","LOC105336796",8,0.133905522624356,1.4597031652558,0.618086696562033,0.216645210727193,0.127392350842725,1.21377540482395e-81,6.54999331908386e-76,"DNA topoisomerase 1"
"263","LOC105341070","LOC105341070",6,0.0950284408211888,4.58008538457615,0.980591945657448,0.0969092610254676,0.0516690400972991,2.7865843048265e-40,1.50374678108796e-34,"DNA topoisomerase I"
"329","LOC105347358","LOC105347358",5,0.113837548304264,2.56699263970784,0.878183361629881,0.129628450364836,0.0976520251368319,1.5580340121486e-78,8.40774358247845e-73,"activating transcription factor 7-interacting protein 1-like"
"236","LOC105339321","LOC105339321",9,0.150924447326816,0.72276707227228,0.573741007194245,0.263053268695015,0.184763768480143,1.04285794856086e-108,5.62765777645485e-103,"T-box transcription factor TBX20"
"187","LOC105336233","LOC105336233",11,0.160726682927717,1.23628455937088,0.383141762452107,0.419496642441342,0.118870898421425,7.37581709549988e-60,3.98027118578136e-54,"T-box transcription factor TBX2b"
"14","LOC105334834","LOC105334834",14,0.329498287595294,3.27177986361371,0.977040816326531,0.337241067199361,0.601916553525013,2.96199571180172e-207,1.59840544192526e-201,"T-box transcription factor TBX3"
"6","LOC105328247","LOC105328247",16,0.261594190650065,1.02029070480638,0.330188679245283,0.792256691683054,0.231961901591706,9.8692699960009e-36,5.32583312210194e-30,"monocarboxylate transporter 14"
"161","LOC105334947","LOC105334947",13,0.214346725327867,1.83264892240813,0.687344913151365,0.311847401830796,0.2579733767177,1.73390427793157e-90,9.35680636734436e-85,"magnesium transporter NIPA2-like"
"437","LOC105322839","LOC105322839",11,0.240056517522209,1.44056615949457,0.763729246487867,0.314321493678745,0.286361836857434,1.69356121838085e-142,9.13909988764606e-137,"probable transporter mch1"
"17","LOC105337100","LOC105337100",13,0.250923272843479,2.3669164937898,0.672456575682382,0.37314420278938,0.279472049562878,6.27808049483255e-98,3.38789080207045e-92,"sulfate transporter"
"177","LOC105335844","LOC105335844",9,0.192167459181081,1.35491821430149,0.772482014388489,0.248766256821144,0.247719321192319,1.61066882912268e-145,8.69178105610103e-140,"protein turtle homolog B"
"284","LOC105343139","LOC105343139",8,0.123995114268474,1.51326808441733,0.642002989536622,0.193137907905958,0.0962593018703502,4.80747359023066e-62,2.59429543328489e-56,"ephrin type-B receptor 1-B"
"466","LOC105325527","LOC105325527",9,0.178187537052977,1.5605339092287,0.802158273381295,0.222135135877702,0.275587601812033,6.96980976578041e-162,3.76117420238621e-156,"E3 ubiquitin-protein ligase RHA2B-like"
"232","LOC105339039","LOC105339039",17,0.0735915216899831,3.07189631859922,0.88659793814433,0.0830043907433531,0.00073332106703337,0.49702000957601,1,"small ubiquitin-related modifier 2"
"233","LOC105339039","LOC105339039",18,0.0958405102916316,3.95769224921764,0.947368421052632,0.101164983085611,0.0225037472809108,0.00751735683128826,1,"small ubiquitin-related modifier 2"
"265","LOC105341392","LOC105341392",8,0.11894449443496,0.881578428280121,0.466367713004484,0.255044444798039,0.114166253880591,2.6042566239815e-73,1.40535583605213e-67,"putative uncharacterized protein DDB_G0291608"
"4","LOC105325867","LOC105325867",11,0.143230876854753,0.852790590637519,0.417624521072797,0.342965677606334,0.136694778244057,1.31382945350952e-68,7.08992298632972e-63,"potassium voltage-gated channel subfamily C member 3"
"207","LOC105337075","LOC105337075",8,0.138791809924974,0.831328737741622,0.439461883408072,0.315822179727238,0.129400056572269,6.5857745250317e-83,3.55393419313906e-77,"arf-GAP with SH3 domain"
"321","LOC105346912","LOC105346912",11,0.15063236996973,1.98411643455479,0.863346104725415,0.174475067583282,0.199163894539781,2.37578378950796e-99,1.2820632126025e-93,"GATA zinc finger domain-containing protein 14"
